匹配分数,spu_code,平台商品名(输入中文名),匹配到的源商品名,来源
100.2,ZSOE-07-db04f180,防霉洗剂,绿伞 拉链装飘香防蛀防霉片,XFS
100.2,ZSOE-11-8d8c7ea7,无密封泵,斯凯孚 混合陶瓷深沟球轴承,XFS
100.2,ZSOE-10-258e2c9c,铁膨胀栓,东明 GB6175 304不锈钢六角螺母,XFS
100.2,ZSOE-12-bd996b74,漆包电缆,漆包线 130级,XFS
101.3,ZSOE-10-f235659d,倒链葫芦,凌鹰 三角式倒链,XFS
101.3,ZSOE-13-6a2dd89b,泡沫塑料,安赛瑞 601475水槽支架 PP塑料,XFS
101.3,ZSOE-10-30884013,防风眼镜,海斯迪克 HKZJ-2 电焊防风沙防激光护目镜,XFS
101.3,ZSOE-12-e51d0aea,中继电缆,西门子 SIEMENS 电缆释放器,XFS
101.3,ZSOE-12-756da17d,双股电缆,MELRi 多股电线,XFS
101.3,ZSOE-12-cdc2fb46,插式灯头,康铭 KM-2675A 3000mah 2档手提灯,XFS
101.3,ZSOE-12-0677d9e3,电源进线,公牛 一分二电源快插头,XFS
101.3,ZSOE-12-6764d856,电缆铠装,环沪 分体式电缆切刀HHD-135F,XFS
101.3,ZSOE-11-7b328605,镀锌变径,方圆变径管,XFS
101.4,ZSOE-07-7e75e2a3,沥青乳液-黑色,佳能CANON 复合机耗材NPG-59 Toner,XFS
102.7,ZSOE-11-819bb47e,HDPE平地漏,赛锐 鑫胜祥云款轻型防撞帽,XFS
102.7,ZSOE-11-76dcea0f,PPR固定卡,三圈 工程50-膨胀生料带,XFS
102.7,ZSOE-11-c21be199,HDPE水箱,赛锐 鑫胜祥云款轻型防撞帽,XFS
102.7,ZSOE-11-48386bcd,HDPE热熔器,赛锐 鑫胜祥云款轻型防撞帽,XFS
102.8,ZSOE-10-5e1e1db0,普通合页,普通钢质合页,XFS
102.8,ZSOE-12-27d3061a,报警喇叭,南一 红色喇叭自动充电款断电报警器,XFS
102.9,ZSOE-07-56062dd1,PlasconN.C.多色铝粗/细,长鹿 断头螺丝取出器5PCS,XFS
103.2,ZSOE-07-1079f9eb,绿色板漆,绿叶 粘蝇胶,XFS
103.2,ZSOE-07-d659fcc5,黑色板漆,佳能CANON 复合机耗材NPG-59 Toner,XFS
104.0,ZSOE-07-bc7da322,GALAXY聚氨酯1K光泽-透明,中蓝晨光 玻璃胶,XFS
108.0,ZSOE-07-2ae813b0,Plascon黑板漆（黑/绿）,海斯迪克5S桌面定位加厚划线胶带,XFS
109.8,ZSOE-07-291a4214,PlasconNC打磨密封底漆,鹏驰 阀片,XFS
110.2,ZSOE-10-d485cf93,木工手锯,田岛 SMART-SAW木工折叠锯手柄,XFS
110.2,ZSOE-12-e6cf7793,接地开关,施耐德Schneider 选择开关XB2B系列,XFS
110.2,ZSOE-11-a554bd32,冲洗水箱,壳牌 冲洗油 Flushing Oil 32,XFS
110.8,ZSOE-07-57d66b2e,GALAXY2KPU稀释剂,HUMLSEAL 稀释剂,XFS
111.8,ZSOE-11-554a7f58,HDPE补芯,赛锐 鑫胜祥云款轻型防撞帽,XFS
111.8,ZSOE-03-8033d7e0,Z型檩条,霍尼韦尔Honeywell 缓冲系绳 231MAL-Z 6FTGN Manyardll,XFS
112.8,ZSOE-07-72175bdb,GALAXY环氧水箱涂层（4.1+1+1=6L）,美的 多功能鸳鸯锅电火锅,XFS
115.2,ZSOE-07-0d7c5c67,PVA透明屋顶底座,得力 7101 固体胶,XFS
117.0,ZSOE-07-9dab95d9,PlasconUox稀释剂,HUMLSEAL 稀释剂,XFS
117.1,ZSOE-07-0859b24d,GALAXY矿物松节油T-200,北达 低烟无卤柔性云母带矿物绝缘护套电缆,XFS
118.0,ZSOE-13-50e00484,电（空气）加热器,正立 截止式电动二通阀,XFS
120.5,ZSOE-07-f0c7af6a,GALAXY乳胶底漆密封底涂（外部）,双虎 铁红氯化橡胶底漆,XFS
121.1,ZSOE-07-4feb9459,合成哑光清漆和哑光色调,灯塔 聚氨酯 防霉型荧光清漆,XFS
122.2,ZSOE-07-b5f113bc,GALAXY环氧2K泳池漆加硬加稀释(4+1+1=6L),齐兴威 醇酸调和涂料,XFS
122.6,ZSOE-11-ddb9d05c,食品饮料制药卫生泵,杜邦 端面自锁、宽流道纳滤膜,XFS
122.6,ZSOE-11-bbc7293e,镀锌单连球阀水龙头,瑞沃 感应水龙头/水龙头式皂液器V-SEN3025,XFS
122.7,ZSOE-13-c271a7bc,溴化锂吸收式制冷机,JGP-01 铝合金电缆固定线夹,XFS
122.8,ZSOE-07-641aa741,Plascon纹理饰面（5KG、25KG）,绿美家 LMJ-BH200 单组份背涂胶,XFS
123.1,ZSOE-13-3567225c,分体式离心水冷冻机,汉盾 HD-BP635 医用一次性分体式隔离衣,XFS
123.1,ZSOE-13-cb839626,热回收式离心冷冻机,昆仑 KHT冷冻机油,XFS
123.2,ZSOE-07-f5b70e6a,GALAXY防水2K-15KG+5LTR套件,东方雨虹 JSA201 聚合物水泥防水涂料,XFS
124.3,ZSOE-12-714a866e,双侧鞭形照明灯柱,福禄克 微型帽式照明灯,XFS
124.3,ZSOE-13-368fadb2,卧式容积式交换器,宇凯 YK1939 修补剂,XFS
124.5,ZSOE-07-35e37254,CORAL防水深色外墙面涂,美巢 占瓷宝ZCB400GQ 高强 墙砖胶粘剂,XFS
124.5,ZSOE-07-2b600b53,CORAL防水粉彩外墙面涂,迈克龙力 一级防水粉,XFS
124.5,ZSOE-12-ce8597a6,高压静电电容器柜,沪工 防静电电焊专业工作服,XFS
124.5,ZSOE-13-6d7542b2,储热式离心冷冻机,昆仑 KHT冷冻机油,XFS
124.7,ZSOE-07-54cc3209,PlasconHi哑光透明清漆,德力西DELIXI 按钮开关CDA9-11SD,XFS
124.9,ZSOE-07-bfdd2e09,PERMACRETE1毫米/1.5毫米/2毫米白色和柔和色调,安赛瑞 棉绳包装线,XFS
125.0,ZSOE-13-6f07765c,碳氢化合物过滤器,Diluoke 大吹砂机防护帽,XFS
125.1,ZSOE-07-c9de244e,AUTOSHEEN纤维素所有色调/调色剂,优克 Z-93E三层标准本色擦拭纸,XFS
125.3,ZSOE-11-0aa673e7,HDPE单连球阀水龙头,瑞沃 感应水龙头/水龙头式皂液器V-SEN3025,XFS
125.3,ZSOE-11-1d0a7f7f,PPR单连球阀水龙头,瑞沃 感应水龙头/水龙头式皂液器V-SEN3025,XFS
125.4,ZSOE-07-b220c999,Plascon木材护理内饰漆（新）,护舒宝 瞬洁贴身卫生巾,XFS
125.4,ZSOE-07-0ed37f0b,GALAXY额外光泽稀释剂T-203,灯塔 环氧漆稀释剂X-7,XFS
125.7,ZSOE-13-b3d199d1,冰蓄冷低温送风,谦华智科 铸钢冷库工业制冷低温管路直通旋塞式焊接截止阀,XFS
125.8,ZSOE-07-1354dcbf,GALAXY塑料乳液深色漆,立邦 外墙幻彩耐候深色漆,XFS
125.8,ZSOE-07-c6b48f1b,AUTOSHEEN纤维素蛋壳/哑光饰面,优克 Z-93E三层标准本色擦拭纸,XFS
126.5,ZSOE-12-f31a7145,乳白玻璃球型灯,海斯迪克 HKqy-115 双翻电焊氩弧焊防护镜,XFS
126.5,ZSOE-13-c5a5e4f2,卧式角通除污器,埃美柯 9402黄铜防污隔断阀,XFS
126.5,ZSOE-13-874dd10f,立式直通除污器,谦华智科 Q-VHK系列 快插式直通 手动开关控制阀,XFS
126.7,ZSOE-11-9be4f3e0,球墨法兰变径,福建上润 单法兰变送器,XFS
126.8,ZSOE-14-a20ee738,自动喷水灭火泵,瑞沃 自动喷香机V-EP711,XFS
126.8,ZSOE-12-69618e22,全封闭的变压器,全封闭精品优质风镜,XFS
126.8,ZSOE-13-f4aca86e,直接膨胀干燥器,包建新 UV红外加热干燥器,XFS
127.2,ZSOE-11-9b606bea,水锤压力消除罐,亿源通 法兰 大体水锤消除器,XFS
127.3,ZSOE-07-d7dd1729,亚克力饰面2K-仅基础，金属色（粗和细）,安赛瑞 34200 T型耳塞分配器,XFS
127.7,ZSOE-07-aafc01fe,PERMACRETE/PERMAPLAST透明分配基料,安赛瑞 半透明分隔板,XFS
128.2,ZSOE-07-40305d69,GALAXY快速风干珐琅,世达 圆型快速风嘴,XFS
128.2,ZSOE-07-4554a9d3,豪华防风雨罩-深色调,美度 M7003 大号加固防风雨伞,XFS
128.2,ZSOE-07-b266f875,超高光稀释剂T-103,灯塔 环氧漆稀释剂X-7,XFS
128.2,ZSOE-07-ae6a348e,2K纹理的粘合剂,三和 广告字粘贴胶,XFS
128.2,ZSOE-07-d9d33391,AUTOSHEN纤维素永久紫,优克 Z-93E三层标准本色擦拭纸,XFS
128.6,ZSOE-11-1114fe75,反渗透脱盐泵,安赛瑞 15299 反渗透水工业管道标签,XFS
128.6,ZSOE-07-98e37977,Plascon粉色木质底漆,得力 18055S 木质底座AR地球仪,XFS
128.9,ZSOE-07-c828bbfd,高强度酞菁绿,梅思安 三脚架,XFS
128.9,ZSOE-12-9ec4a40c,单刀双掷开关,胜为 接线端子头,XFS
128.9,ZSOE-11-ab6c9c88,镀锌双连球阀,垒固双连球,XFS
129.1,ZSOE-07-cf5d5b38,Plascon丙烯酸粘合剂,标识牌专家 职业病危害告知卡2,XFS
129.1,ZSOE-07-ba586721,Plascon缓凝剂稀释剂,绿田 精护工具药剂稀释瓶,XFS
129.1,ZSOE-07-6ce1913f,CORAL透明外墙面涂,美巢 占瓷宝ZCB400GQ 高强 墙砖胶粘剂,XFS
129.3,ZSOE-13-f79d454f,燃气蒸汽锅炉,圣托 65型 燃气蒸包炉,XFS
129.3,ZSOE-13-f3d91ff5,脉冲式疏水器,AG WCB铸铁法兰倒置桶式疏水阀,XFS
129.3,ZSOE-13-9d7bf0ad,闭式膨胀水箱,冰禹 Q235 4.8级 4.8级 外六角内膨胀螺栓,XFS
129.3,ZSOE-07-ee0b1a92,豪华耐碱底漆,多乐士 A914-65360 全能卫士净味抗碱底漆,XFS
129.3,ZSOE-13-1cda3d73,冷冻水二次泵,安赛瑞 15093 工业管道标识标签,XFS
129.3,ZSOE-13-092a841f,圆翼形散热器,拉丁豹 空压机散热器,XFS
129.3,ZSOE-04-22331ca9,红胡桃三合板,臻远 ZY-HYZ-04 油漆木皮会议台桌,XFS
129.3,ZSOE-04-4257090c,黑胡桃三合板,鑫国景 黑胡桃大型会议桌,XFS
129.7,ZSOE-10-c9b336c4,塑料餐桌凳子,臻远 ZY3121626 全实木长条餐桌凳,XFS
129.7,ZSOE-12-fc53c590,单频道放大器,TP-LINK TL-WDA6332RE 无线信号放大器,XFS
129.7,ZSOE-12-471cc02a,手动操动机构,卧式千斤顶,XFS
129.7,ZSOE-13-3df89b72,恒温式疏水器,AG WCB铸铁法兰倒置桶式疏水阀,XFS
129.7,ZSOE-13-c3f612a9,浮球式输水器,谦华智科 铸钢自由浮球式法兰疏水阀,XFS
129.7,ZSOE-13-59862d17,自动补水装置,ACA系列自动补偿式油压缓冲器,XFS
129.7,ZSOE-07-3218243a,PlasconHi氧化红底漆（防锈漆）,可邦 清洗铜线氧化红水,XFS
129.7,ZSOE-07-e6fa15d1,等离子烤瓷漆,丰华丰 等离子喷涂胶带,XFS
129.7,ZSOE-07-45df850d,豪华石膏底漆,立邦 净味防碱粉刷石膏底层,XFS
129.7,ZSOE-11-915235a9,钢制小法兰盘,华威洪鑫 钢制小推柜,XFS
129.7,ZSOE-12-1f275ba8,低损耗变压器,金帅 变压器油,XFS
129.7,ZSOE-12-5298bf34,鞭形照明灯柱,福禄克 微型帽式照明灯,XFS
129.7,ZSOE-13-a534a33b,冷冻水分水缸,安赛瑞 15093 工业管道标识标签,XFS
129.7,ZSOE-11-845eb44f,镀锌手轮闸阀,燎原 铸钢法兰伞齿轮闸阀,XFS
129.7,ZSOE-13-c07a1b81,干蒸汽加湿器,宇昊 集装箱养护室设备,XFS
129.7,ZSOE-13-dbc5674f,离心式制冷机,昆仑 离心式压缩机油 L-TGSE-32,XFS
129.7,ZSOE-13-c8706910,组装式冷冻机,昆仑 KHT冷冻机油,XFS
130.1,ZSOE-07-37a2d6f0,Plascon沥青漆水基（新）,K7 球墨铸铁上水管,XFS
130.2,ZSOE-07-91812354,GALAXY海洋防污剂黑/蓝/红,ABB 继电器附件CR-SJB,XFS
130.2,ZSOE-07-c56db168,GALAXY2K汽车稀释剂T-204,灯塔 环氧漆稀释剂X-7,XFS
130.2,ZSOE-12-1e731bf7,无线传呼系统,科密 EP-9900扫描枪,XFS
130.2,ZSOE-13-8cf34367,往复式制冷机,长城润滑 合成压缩机油,XFS
130.2,ZSOE-13-fa3d4c4e,氩气纯化装置,安谱ANPEL 黄铜螺母,XFS
130.2,ZSOE-13-d6dc938b,光面管散热器,拉丁豹 空压机散热器,XFS
130.5,ZSOE-07-ecccd8ab,木材防腐剂-透明/绿色,宇凯 YK30重防腐剂,XFS
131.0,ZSOE-07-841fe35f,PERMACRETE/PERMAPLAST深点胶底座,巴可 注胶底座,XFS
131.6,ZSOE-07-dee54ab0,GALAXY标准稀释剂-T-201,灯塔 环氧漆稀释剂X-7,XFS
131.6,ZSOE-07-cc324e7b,GALAXY烘干稀释剂T-207,灯塔 环氧漆稀释剂X-7,XFS
131.9,ZSOE-07-c02c0007,豪华高枕套-白色,播音者 BYZ-80G 豪华高清4G网络音柱,XFS
132.0,ZSOE-10-62a4d27a,手工铁锉子,上柯 手工铁皮打包带,XFS
132.5,ZSOE-07-412c0ac1,GGALAXY抗真菌洗液,妇炎洁 植物草本抑菌洗液,XFS
132.5,ZSOE-07-974ebfb0,Plascon高光稀释剂,灯塔 环氧漆稀释剂X-7,XFS
132.5,ZSOE-07-2baa2079,Plascon高透明清漆,冰禹 BYhb-05 高透明实验室三角玻璃量杯,XFS
132.5,ZSOE-07-3a9df174,木材防腐剂-黑色,宇凯 YK30重防腐剂,XFS
132.5,ZSOE-11-6301c846,HDPE热熔器嘴头,神牛 700W数显型PPR热熔器,XFS
133.0,ZSOE-11-253dd5f8,筒体潜水泵,固德 铝合金 气动隔膜泵,XFS
133.0,ZSOE-12-5df5d13a,无功电度表,轻松 单项预付费电度表,XFS
133.0,ZSOE-13-caedd034,排气单向阀,FESTO 先导单向阀 HGL系列,XFS
133.1,ZSOE-07-e5053efd,Plascon杀菌清洗液,卡乐儿 水性泡沫清洗液6瓶装,XFS
133.1,ZSOE-07-7ee80328,Plascon丙烯酸清漆,标识牌专家 职业病危害告知卡2,XFS
133.1,ZSOE-07-ddf16174,Plascon标准稀释剂,灯塔 环氧漆稀释剂X-7,XFS
133.1,ZSOE-07-6228e55a,Plascon蚀刻固化剂,石大爷 云石胶 含固化剂,XFS
133.1,ZSOE-07-4995f9e6,Autosheen纤维素底漆,优克 Z-93E三层标准本色擦拭纸,XFS
133.3,ZSOE-07-a6281b7e,JK墙面腻子（20公斤）新款,立邦 耐候外墙光面腻子,XFS
133.6,ZSOE-17-dfb9b881,钢制储油罐,臻远 工厂休息室员工钢制储物柜两门物品柜,XFS
133.6,ZSOE-12-3fec4fb5,自激电动机,美丽雅 电动机联轴胶垫,XFS
133.6,ZSOE-13-f7fe0c06,冰蓄冷空调,酷开 1匹5级单冷空调挂机,XFS
133.6,ZSOE-13-aaa0c078,高温绝热层,西班牙标牌BELPA CSA-90进口耐高温绝缘无石棉板,XFS
133.6,ZSOE-07-b51a3119,亮黄色外观,铸铝 道钉,XFS
133.6,ZSOE-07-7d53148a,天花板涂料,特耐适TRUST 棉质除尘手套替换装6989,XFS
133.6,ZSOE-11-2d89ab0e,立式深井泵,钱涛 不 锈钢深井泵,XFS
133.6,ZSOE-10-2555cee2,带齿铁抹子,迈克龙力 1000/1 砂浆王,XFS
133.6,ZSOE-10-d00b52a8,普通铁抹子,迈克龙力 1000/1 砂浆王,XFS
133.6,ZSOE-12-bc27006d,不停电电源,胜为 光纤收发器供电电源,XFS
133.6,ZSOE-12-d50b5ea4,交流电度表,盟易测 交直流钳形电流表,XFS
133.6,ZSOE-12-6b6889a3,充氪白炽灯,正安防爆 正光干涉式甲烷测定器 白炽灯泡光源,XFS
133.6,ZSOE-12-294fa1bd,接插式母线,WAGO 1线针型连接器,XFS
133.6,ZSOE-12-176efadb,方型吸顶灯,品坚 雷达感应LED吸顶灯模组,XFS
133.6,ZSOE-12-73006102,磁吹避雷器,佐航 氧化锌避雷器综合测试仪,XFS
133.6,ZSOE-13-f12bc88b,电动给水泵,上海连成 给水泵出口水室,XFS
133.6,ZSOE-13-b8a3b1ed,窗式空调器,格灵空调 LF29N 定频 单冷 工业风冷型柜式空调机组,XFS
133.6,ZSOE-13-3f5e759e,蒸汽加热器,华丰 SCD型绳式加热器,XFS
134.2,ZSOE-12-926516e7,前端放大器,TP-LINK TL-WDA6332RE 无线信号放大器,XFS
134.2,ZSOE-12-3db7da65,音频放大器,TP-LINK TL-WDA6332RE 无线信号放大器,XFS
134.2,ZSOE-12-8d898e0a,音频混合器,天申 沟槽比例混合器,XFS
134.2,ZSOE-13-024f55fb,两级加热器,华丰 SCD型绳式加热器,XFS
134.2,ZSOE-13-3392bc50,湿球温度计,医用体温计,XFS
134.2,ZSOE-13-affc9269,超温指示灯,保时安 船社级可燃气体报警控制器,XFS
134.2,ZSOE-07-95e8304f,氧化红底漆,可邦 清洗铜线氧化红水,XFS
134.2,ZSOE-07-3aab4e13,通用透明釉,安赛瑞 12307 加厚商用透明垃圾袋,XFS
134.2,ZSOE-11-65878228,双管淋浴器,铭通远洋 明装淋浴器混水阀,XFS
134.2,ZSOE-11-f2f06c93,标准化工泵,魏德米勒 直通式接线端子W系列,XFS
134.2,ZSOE-11-dc932a5c,水位指示器,安赛瑞 11188 室外水泵接合器保护罩,XFS
134.2,ZSOE-11-19f39896,水平逆止阀,谦华智科 铜镀镍快插转外丝螺纹单向止回逆止阀,XFS
134.2,ZSOE-17-546e7d09,绿色安全网,安赛瑞 1B00168 涤纶 彩色安全防护网,XFS
134.2,ZSOE-10-531067ca,磁吸式门吸,翼淼 手持三维扫描仪标记点磁吸式,XFS
134.2,ZSOE-10-546e7d09,绿色安全网,安赛瑞 1B00168 涤纶 彩色安全防护网,XFS
134.2,ZSOE-10-bb68db45,铝合金刮杠,助君安 3C认证 高楼逃生缓降器,XFS
134.2,ZSOE-12-e9586ff8,减压起动器,[配件]东成 汽油草坪机起动器总成,XFS
134.2,ZSOE-12-fe757629,圆柱形壁灯,3M E.A.RTM CLASSIC圆柱形耳塞,XFS
134.2,ZSOE-12-503ed91b,封闭式母线,劳卫士 全封闭式防火阻燃镀铝重型防化服,XFS
134.2,ZSOE-12-11167e91,消弧接触器,德力西DELIXI 真空交流接触器CKJ5-400,XFS
134.2,ZSOE-12-5331fc72,移相电容器,opg 单相电容运转电机,XFS
134.2,ZSOE-12-a0de6128,自冷变压器,金帅 变压器油,XFS
134.2,ZSOE-12-80201e5d,跳闸指示灯,保时安 船社级可燃气体报警控制器,XFS
134.2,ZSOE-12-83435881,铜线变压器,金帅 变压器油,XFS
134.2,ZSOE-12-cb38e52a,铝线变压器,金帅 变压器油,XFS
134.2,ZSOE-12-207c5feb,防雷变压器,金帅 变压器油,XFS
134.2,ZSOE-05-9416200f,混凝土顶管,哥俩好 原子灰带固化剂组合装,XFS
134.2,ZSOE-13-22568823,二级冷却塔,英格索兰 高级冷却液,XFS
134.2,ZSOE-13-620998b4,弧形伸缩器,亲和测定 自由伸缩器,XFS
134.2,ZSOE-13-d44e137f,新风加热器,华丰 SCD型绳式加热器,XFS
134.2,ZSOE-13-1e93ca16,气液分离器,垒固 油水分离器,XFS
134.2,ZSOE-13-45ca2951,油位指示器,安赛瑞 11188 室外水泵接合器保护罩,XFS
134.2,ZSOE-13-c4bf7968,静电除垢器,涤纶防 静电除尘布袋,XFS
134.9,ZSOE-07-19a9d916,金属珐琅-青铜/银/金,有色金属溶液标准样品,XFS
135.0,ZSOE-10-3cb9549b,小推车轱辘,补天 小推车移动便携式洗眼器,XFS
135.0,ZSOE-10-45839158,瓷砖十字架,安赛瑞 13798 安全员袖标,XFS
135.0,ZSOE-10-a89250e7,记号马克笔,得力deli 73609马克笔专用本,XFS
135.0,ZSOE-09-974d1bab,铝合金隔断,助君安 3C认证 高楼逃生缓降器,XFS
135.0,ZSOE-12-ad86e3b6,天线放大器,TP-LINK TL-WDA6332RE 无线信号放大器,XFS
135.0,ZSOE-12-ee9d0b14,线路放大器,TP-LINK TL-WDA6332RE 无线信号放大器,XFS
135.0,ZSOE-13-bb49873a,氢气纯化器,[配件]霍尼韦尔 氢气纯度分析仪配件7866二次表头,XFS
135.0,ZSOE-13-302b671c,水管路系统,安赛瑞 15074 热水供水管路标示标签,XFS
135.0,ZSOE-13-da69b37e,电子计算器,卡西欧 AX-12B 日常商务计算器,XFS
135.0,ZSOE-08-5cabfb8f,石材磨光机,锋耐 碗磨片,XFS
135.0,ZSOE-08-2affbbff,砂带磨光机,东成DCA ADSM20V-02100EM 充电式无刷角向磨光机,XFS
135.0,ZSOE-10-99740bb2,砂轮磨光片,德力西 交流角磨机磨片砂轮切割片,XFS
135.0,ZSOE-10-a2d20169,铁丝围栏网,锦安行 JCH-SW-304 304不锈钢 绳网,XFS
135.0,ZSOE-12-69f0862d,区域报警器,首盾 安全帽近电语音报警器,XFS
135.0,ZSOE-12-44cf915a,可调变压器,金帅 变压器油,XFS
135.0,ZSOE-12-4d9bcb14,墙式电缆槽,HAOTIANRUI/浩天瑞 瓦楞式电缆盘,XFS
135.0,ZSOE-12-f8cb2b18,水平接地极,中雷特 圆线 石墨接地极,XFS
135.0,ZSOE-12-171ffa9e,灯丝变压器,金帅 变压器油,XFS
135.0,ZSOE-12-0372aaa1,离子探测器,汇睿光电 信息探测器,XFS
135.0,ZSOE-12-2ba3958b,集中报警器,首盾 安全帽近电语音报警器,XFS
135.0,ZSOE-12-b66a0fd1,高压电抗器,安赛瑞 31656 安全标识,XFS
135.0,ZSOE-08-d2930486,汽油振捣器,神牛 GX-170 汽油振动棒,XFS
135.0,ZSOE-08-c1333985,电动割草机,[配件]斯蒂尔 汽油割草机桔色打草绳,XFS
135.0,ZSOE-11-e72b4aba,冲洗调节器,沪工 H扣,XFS
135.0,ZSOE-13-17ad3174,抗性消声器,[配件]东成 汽油草坪机消声器垫 FF03-SSS48,XFS
135.0,ZSOE-13-29bc17a7,方形伸缩器,亲和测定 自由伸缩器,XFS
135.0,ZSOE-13-1ef3526d,暗装散热器,拉丁豹 空压机散热器,XFS
135.0,ZSOE-13-93594e99,水份分离器,垒固 油水分离器,XFS
135.0,ZSOE-13-ace6d0d4,空气调节器,沪工 H扣,XFS
135.0,ZSOE-13-64d7c22c,蒸汽加湿器,宇昊 集装箱养护室设备,XFS
135.0,ZSOE-13-66894c3a,转轮除湿机,欧井 LOJ-123E 家用除湿机,XFS
135.0,ZSOE-13-b434bbcb,通风补偿器,昌茂 轴向全外压平衡式波纹管补偿器,XFS
135.0,ZSOE-13-d410cb7a,采暖补偿器,昌茂 轴向全外压平衡式波纹管补偿器,XFS
135.9,ZSOE-12-821e0b8d,无线传呼机,科密 EP-9900扫描枪,XFS
135.9,ZSOE-05-a22b2464,成品混凝土,哥俩好 原子灰带固化剂组合装,XFS
139.4,ZSOE-07-cac8dab7,耐碱底漆（内水性）,多乐士 A914-65360 全能卫士净味抗碱底漆,XFS
140.0,ZSOE-07-0991fa08,GALAXYNC透明光泽,宝克 EP1261 10mm抽杆夹,XFS
140.0,ZSOE-07-1ffd7d80,GALAXY划线材料(25公斤)),海斯迪克 HKW-202 手提打包线 缝包线,XFS
140.2,ZSOE-07-3a349253,Plascolac稀释剂,HUMLSEAL 稀释剂,XFS
140.2,ZSOE-07-36e642f4,Plascryl稀释剂,HUMLSEAL 稀释剂,XFS
140.2,ZSOE-07-1ce715e8,Plascon屋顶(PVA)（红色、绿色、荷兰蓝）,施耐德 XB2B系列 指示灯,XFS
141.1,ZSOE-11-e741a35b,HDPE双连球阀,垒固双连球,XFS
141.1,ZSOE-11-0058410f,PPR双连球阀,垒固双连球,XFS
141.1,ZSOE-11-f944c183,PVC双连球阀,垒固双连球,XFS
141.1,ZSOE-10-250ce402,钢丝绳U型卡扣,VOSVGO 钢丝绳夹头,XFS
142.1,ZSOE-07-2db5923f,Plascon耐碱底漆,多乐士 A914-65360 全能卫士净味抗碱底漆,XFS
142.1,ZSOE-07-c79c77dd,木质底漆粉色,得力 18055S 木质底座AR地球仪,XFS
142.1,ZSOE-11-5ec5e7a8,HDPE法兰接盘,人企 不锈钢 喷泉泵,XFS
142.1,ZSOE-11-e6dc0e8e,PPR法兰接盘,人企 不锈钢 喷泉泵,XFS
142.1,ZSOE-13-8bb7484d,水-水换热器,3M 1099换热板与橡胶垫片专用密封胶,XFS
142.7,ZSOE-12-ac24dc11,配电盘开关板,施耐德 NSX 隔离开关(新),XFS
143.3,ZSOE-12-88a524e4,三向开关,腾锐泰 隔离换向开关,XFS
143.5,ZSOE-07-e059fc68,Plascon汽车底漆,[配件]凯路捷 汽车底盘清洗喷头,XFS
143.5,ZSOE-07-bf632976,Plascon白稀释剂,灯塔 环氧漆稀释剂X-7,XFS
143.5,ZSOE-07-aacf21a1,Plascon高光瓷漆,灯塔 聚氨酯半光瓷漆,XFS
143.5,ZSOE-11-705d860e,PPR手轮闸阀,燎原 铸钢法兰伞齿轮闸阀,XFS
143.5,ZSOE-09-d1355de8,T型主龙骨,龙牌 龙骨配件 吊件,XFS
143.5,ZSOE-09-3f60f5d9,T型副龙骨,龙牌 龙骨配件 吊件,XFS
143.5,ZSOE-11-e25db0be,HDPE手轮闸阀,燎原 铸钢法兰伞齿轮闸阀,XFS
143.5,ZSOE-11-34ac490d,PVC手轮闸阀,燎原 铸钢法兰伞齿轮闸阀,XFS
143.5,ZSOE-07-0683a660,Autosheen金属粗粒,[配件]东成 汽油链锯金属粗牙六角法兰面锁紧螺母,XFS
143.9,ZSOE-07-7d1d8e00,PlasconN.C.汽车漆（白色、黑色、透明）,瑞沃 PL-151063感应切纸机,XFS
145.0,ZSOE-15-e5949df9,实木餐桌,臻远 ZY3110420 实木餐凳,XFS
145.3,ZSOE-11-7f6f31f6,PVC单连球阀水龙头,塑料快开龙头 水龙头,XFS
145.6,ZSOE-11-269f7f59,波纹膈膜阀,浙京京水阀门 隔膜阀,XFS
146.2,ZSOE-07-9f46d7af,GALAXY防水2KA部分-15KG,同就 水性润滑剂15kg,XFS
146.2,ZSOE-07-e27edfeb,GALAXY防水2KB部分-5LTR,德力西DELIXI 稳压器SVC-B,XFS
146.3,ZSOE-10-0c07894a,塑料餐桌,冰禹 BY-7073 收纳清洁车,XFS
146.3,ZSOE-12-d067a86a,红外线灯,长城精工 420404 手持式 电焊面罩,XFS
146.3,ZSOE-13-db14d322,燃气导管,科立捷 适配CASSIDAN EADS欧洲宇航对讲机耳机空气导管入耳式耳麦,XFS
146.3,ZSOE-13-eff34ce3,膨胀水管,膨胀水泥,XFS
146.3,ZSOE-11-1323f10a,容积式泵,拉丁豹 容积式分配阀,XFS
146.3,ZSOE-03-198d154e,空心方钢,PHS预应力高强C80混凝土空心方桩,XFS
146.3,ZSOE-10-3c412f34,猪毛刷子,峰塑 木柄猪毛刷,XFS
146.3,ZSOE-10-4f016478,通丝螺帽,鑫东江 螺丝螺帽,XFS
146.3,ZSOE-10-99acc251,黑塑料布,赢宙 手持式 铝包边半自动电焊面罩,XFS
146.3,ZSOE-12-041a106c,照明支线,实诺锐 面检洁净工位照明支架灯,XFS
146.3,ZSOE-12-0984721a,电度表箱,轻松 单项预付费电度表,XFS
146.3,ZSOE-12-d5d53ee8,防水灯头,津耐 喇叭式防水灯口,XFS
146.3,ZSOE-13-25d7ba03,冷冻水泵,安赛瑞 15093 工业管道标识标签,XFS
146.3,ZSOE-13-14760012,冷凝水泵,安赛瑞 15089 管道介质名称标识,XFS
146.3,ZSOE-13-3daa12b3,变速电机,JSCC 电机,XFS
147.9,ZSOE-07-27112ad8,屋顶/地板漆-红/绿/蓝,海斯迪克5S桌面定位加厚划线胶带,XFS
148.0,ZSOE-15-1e938e63,真皮沙发,臻远 ZYJJ-80305 简约商务会客单人位西皮沙发,XFS
148.0,ZSOE-12-7546f723,乳白玻璃,海斯迪克 HKqy-115 双翻电焊氩弧焊防护镜,XFS
148.0,ZSOE-12-429e926b,实心电缆,安赛瑞 30747 当心电缆当心类安全标识牌,XFS
148.0,ZSOE-13-843393ba,膨胀水箱,膨胀水泥,XFS
148.0,ZSOE-04-eea5bb06,木电线杆,安赛瑞 13453 电线杆反光膜贴,XFS
148.0,ZSOE-14-fb78ed06,普通水嘴,迈克龙力 普通水泥养护剂,XFS
148.0,ZSOE-11-12f31e43,镀锌四通,4米 A级 锌铝镁电线管,XFS
148.0,ZSOE-11-12b1ef3e,镀锌直接,1.5D Q235 90° 市场二标镀锌直缝弯头,XFS
148.0,ZSOE-03-145680e9,低碳钢板,镀锌六角网,XFS
148.0,ZSOE-03-b9ff9644,刀片刺网,热镀锌钢丝刀片刺绳 小刺,XFS
148.0,ZSOE-07-7d02c1cf,底漆白色,金氟龙 道路标线漆白色速干划线漆 3Kg/桶,XFS
148.0,ZSOE-17-8104e2f7,集装箱房,领鞅为民 小型侧开门金属周转集装箱,XFS
148.0,ZSOE-10-38cf0da5,平头錾子,百塔Beta 尖头錾子,XFS
148.0,ZSOE-10-a09a3c02,氧炔割枪,沪工 氧气乙炔割枪,XFS
148.0,ZSOE-09-4baff314,夹层玻璃,安赛瑞 三层玻璃钢绝缘凳,XFS
148.0,ZSOE-09-6bce1b79,安全玻璃,德滤 全玻璃砂芯抽滤装置,XFS
148.0,ZSOE-12-ec167acc,半圆球灯,南佳鸿 太阳能圆球灯,XFS
148.0,ZSOE-12-d0f43ce6,卡口插座,钢盾 14mm*18mm卡口插件,XFS
148.0,ZSOE-12-210807de,密闭式灯,长城润滑 得威蜗轮蜗杆油,XFS
148.0,ZSOE-12-75ade2ad,总配电箱,安赛瑞 31364 临时用电安全作业许可单,XFS
148.0,ZSOE-12-aa4c2621,架空电缆,正泰 航空线缆,XFS
148.0,ZSOE-12-ca81dd24,照明电缆,赫力斯 电梯应急照明电源,XFS
148.0,ZSOE-12-e444bd3f,电缆夹具,永悍 单芯SS316不锈钢电缆夹,XFS
148.0,ZSOE-12-cb7653e2,管式避雷,国电巨龙 中星GDZX 手持式避雷器放电计数器检测仪,XFS
148.0,ZSOE-12-a5086f51,荧光灯泡,亚速旺 经济型UV检查灯,XFS
148.0,ZSOE-12-cb39a0ac,螺口插座,MIWHD 防水防尘挂壁式斜口插座箱,XFS
148.0,ZSOE-12-8b962b93,轻载开关,国电巨龙 中星GDZX 变压器有载开关交直流参数测试仪,XFS
148.0,ZSOE-12-723a9b2e,铅避雷器,佐航 氧化锌避雷器综合测试仪,XFS
148.0,ZSOE-12-7fe48d86,馈电电缆,优利德UNIT 停电电缆识别仪UT263A,XFS
148.0,ZSOE-12-4cc58c47,高压线路,力易得 ENDURA 火花塞高压线钳E0746,XFS
148.0,ZSOE-13-09b51920,凝结水箱,竑能 凝结水泵变频器功率柜专用滤网,XFS
148.0,ZSOE-13-239dfc65,升压风机,齐鲁艾科重锤式 负压风机,XFS
148.0,ZSOE-13-96e8438e,后冷却器,传特 冷却器换热板片,XFS
148.0,ZSOE-13-f534a555,泄压风门,科美机电矿用自动平衡无压风门,XFS
152.3,ZSOE-12-60bb7b6a,就地按钮,施耐德Schneider 平头按钮XB2B系列,XFS
155.6,ZSOE-07-88430b90,GALAXY专业救生员室内/室外亚克力墙面饰面,海斯迪克 建筑工地警示 当心标志 标语,XFS
156.7,ZSOE-07-bbe51b68,豪华水洗乙烯基丝绸/哑光-白色、浅色和中色,捷泰克 焊接防护屏风,XFS
157.2,ZSOE-07-76ecb6ab,GALAXY专业室内/室外亚克力墙面饰面漆,海斯迪克 gnjz-1361 亚克力标语牌背胶标识,XFS
158.6,ZSOE-13-1cc11409,离心压缩机水冷冷凝单元,昆仑 离心式压缩机油 L-TGSE-32,XFS
159.1,ZSOE-07-f240defe,GALAXYHICHEM2K透明加硬剂和稀释剂(4+1+1=6l),灯塔 聚氨酯漆稀释剂,XFS
159.7,ZSOE-13-3fbac5b8,水冷式双螺杆冷水机组,顺高 柴油铜发电机组30KW380V,XFS
160.1,ZSOE-07-83bc9531,GALAXY2K环氧煤焦油底漆(4+1+1=6L),双虎 环氧煤沥青厚浆防腐底漆,XFS
160.2,ZSOE-07-9ca9d68e,GALAXY环氧云母氧化铁涂料（4.1+1+1=6L）,齐鲁 环氧云铁中间漆,XFS
160.4,ZSOE-07-2b7ed2d1,豪华水洗乙烯基丝绸/哑光-深色调,捷泰克 焊接防护屏风,XFS
161.2,ZSOE-07-8dee4602,GALAXY环氧煤焦油涂料（4.1+1+1=6L）,三峡 环氧煤沥青,XFS
161.3,ZSOE-07-6f11fd7a,GALAXYHEAT-耐铝材500°C,壳牌 导热油,XFS
162.4,ZSOE-07-284677d3,GALAXY环氧2K搪瓷加硬稀释剂(4+1+1=6L),灯塔 环氧漆稀释剂X-7,XFS
163.4,ZSOE-11-0c89ce74,可调节水管固定卡,星工 一指键帽衬及下颌带配XGV-2安全帽,XFS
163.4,ZSOE-12-e844ef6e,低压静电电容器屏,正泰 CHNT 电容器BZMJ型,XFS
163.4,ZSOE-12-5c254cdb,有载调压的变压器,品一测控 变压器有载分接开关测试仪,XFS
163.4,ZSOE-13-63f12ebf,固定式螺杆压缩机,金帅 螺杆式合成空气压缩机油,XFS
163.6,ZSOE-07-683b6fbf,油漆T-100/光泽稀释剂溶剂,齐鲁 氟碳涂料专用稀释剂,XFS
163.7,ZSOE-12-1eb31f6e,金属氧化物避雷器,佐航 氧化锌避雷器综合测试仪,XFS
166.0,ZSOE-13-486cd473,热动力式疏水器,谦华智科 铸钢圆盘法兰式热动力疏水阀,XFS
166.0,ZSOE-12-43c9d787,环氧浇注变压器,天正电气 变压器 BK-300VA 铜,XFS
166.0,ZSOE-12-7bc46256,绝缘检查电压表,天正电气 变压器SG-10KVA 铜 系列,XFS
166.4,ZSOE-10-4387dea8,木工圆盘铁锯片,金田 装修级木用合金锯片,XFS
166.4,ZSOE-16-37862404,脚手架十字扣件,日式固定扣件,XFS
166.4,ZSOE-13-5b57b148,双螺杆冷水机组,HYZOE 风冷工业冷水机 风冷机,XFS
166.9,ZSOE-12-abd9287e,接地火花避雷器,德力西DELIXI 避雷器HY1.5W,XFS
167.3,ZSOE-13-7ea049db,压缩式制冷机,捷丰流体 TGV-67 碳钢增强石墨板,XFS
167.7,ZSOE-11-a093d9fe,HDPE波纹管,欢枫 SN8 HDPE高密度聚乙烯双壁波纹管,XFS
168.1,ZSOE-11-c39ce3fc,承插螺旋碳钢管,文工 PE真空导流管,XFS
169.2,ZSOE-07-403b7367,亚克力饰面2K-仅底座，透明,安赛瑞 34200 T型耳塞分配器,XFS
169.2,ZSOE-07-d854a19c,高强度亮红色,哥尔姆 圆顶户外施工作业防护透气玻璃钢安全帽,XFS
169.7,ZSOE-13-46575392,污水管冲洗阀,九牧 P8410-003/1B-1 大便冲洗阀,XFS
169.7,ZSOE-11-e22bbeb4,嵌入式手纸架,安赛瑞 710288 嵌入式斜边二合一擦手纸箱,XFS
169.7,ZSOE-11-46575392,污水管冲洗阀,九牧 P8410-003/1B-1 大便冲洗阀,XFS
169.7,ZSOE-12-973132f0,电动操动机构,施耐德Schneider 塑壳断路器附件 MT100/160,XFS
169.7,ZSOE-13-24c62be9,电子水处理器,卡乐儿 去离子水,XFS
170.2,ZSOE-07-635cc397,GALAXY聚氨酯HB涂层-用于地板、油罐(4+1+1=6L),金雨辰 单组分水性聚氨酯防水涂料,XFS
170.3,ZSOE-13-78cfdb61,往复式蒸汽机,谦华智科 铸钢衬四氟法兰隔膜手动球阀,XFS
170.3,ZSOE-12-37e9c18c,氧化膜避雷器,佐航 氧化锌避雷器综合测试仪,XFS
171.0,ZSOE-07-89edc281,丙烯酸固化剂,好又力 升级版免钉胶,XFS
171.0,ZSOE-07-a89ed4a0,大理石饰面漆,立邦 快涂宝大理石材瓷砖胶,XFS
173.0,ZSOE-07-aeda0fd5,GALAXY2K聚氨酯搪瓷（4+1+1=6L）,怡合达 聚氨酯块,XFS
173.6,ZSOE-12-199b9689,自动空气断路器,施耐德Schneider 塑壳漏电保护断路器Breaker/3P/Micrologic 4.2,XFS
174.3,ZSOE-13-9d79ca08,冷却水水泵,自川密 溴冷机冷却水泵机封,XFS
174.8,ZSOE-12-5d6aab6b,电动发电机（组）,勃发 30KW柴油发动机,XFS
175.4,ZSOE-11-5d7214fa,无缝碳钢管,R780 跟管,XFS
175.4,ZSOE-09-2bcd8f39,防潮石膏板,泰山 防潮纸面石膏板,XFS
175.4,ZSOE-09-99759f49,防火石膏板,泰山 防潮纸面石膏板,XFS
175.4,ZSOE-13-866dda7c,手动排污阀,高山 铸钢法兰排污阀,XFS
176.3,ZSOE-16-58dfc1c1,脚手架钢管,门式钢管脚手架 脚轮 鹰架/短杆,XFS
176.3,ZSOE-09-cdb302e6,38龙骨连接件,龙牌 龙骨配件 连接件,XFS
176.3,ZSOE-09-533d325f,主龙骨吊件,龙牌 龙骨配件 吊件,XFS
176.3,ZSOE-12-a0855220,应急白炽灯,绿鸟照明 黄金钻石系列 LED应急球泡,XFS
176.3,ZSOE-12-2bc5a7de,油浸变压器,品一测控 自动油浸式试验装置+控制箱,XFS
176.3,ZSOE-12-3a4b4e56,避雷针支架,避雷支架卡,XFS
177.3,ZSOE-13-c7a503d3,流量指示器,青智 侧装单浮球开关,XFS
177.3,ZSOE-10-3b13724c,壁纸美工刀,克里斯汀 CRISTIN 壁纸专用高硬度美工刀片,XFS
177.3,ZSOE-12-3577568d,开启式开关,施耐德 开启式五孔地插,XFS
177.3,ZSOE-12-93a46a8c,自动调压器,德力西DELIXI SSRVR 40A 固态调压器,XFS
178.2,ZSOE-12-9c86a368,少油断路器,施耐德Schneider 塑壳漏电保护断路器Breaker/3P/Micrologic 4.2,XFS
180.2,ZSOE-11-0306fd42,HDPE45°弯头,威迅 超六类非屏蔽双弯头可旋转纤细网络跳线,XFS
180.2,ZSOE-11-7c19476b,HDPE90°弯头,威迅 超六类非屏蔽双弯头可旋转纤细网络跳线,XFS
180.2,ZSOE-11-7a50d2c2,HDPE三通,中泽 HDPE静音顺水三通 沟槽,XFS
180.2,ZSOE-11-c9049e7e,HDPE变径,海井 塑料检查井变径接头,XFS
180.2,ZSOE-11-c8a56677,HDPE四通,中泽 HDPE立体四通 压盖,XFS
180.2,ZSOE-11-ffbef495,HDPE直接,天和鑫迈 波纹管直接,XFS
180.2,ZSOE-11-4b409cc6,PPR45°弯头,PPR临边防护连接件-TT,XFS
180.2,ZSOE-11-7b2cbd17,PPR补芯,伟星 PPR异径套 补芯 绿色,XFS
180.2,ZSOE-11-cbbda386,PVC45°弯头,联塑 LESSO PVC弧形线槽45°弯头,XFS
180.2,ZSOE-11-5923e9dc,PPR90°弯头,PPR临边防护连接件-TT,XFS
180.2,ZSOE-11-75d588be,PVC90°弯头,联塑 LESSO PVC弧形线槽45°弯头,XFS
181.3,ZSOE-12-b8385b66,中性线，零线,ABB 塑壳断路器附件CT,XFS
182.0,ZSOE-12-ad60892e,空气断路器,施耐德Schneider 塑壳漏电保护断路器Breaker/3P/Micrologic 4.2,XFS
182.0,ZSOE-13-4f3a5371,单极离心泵,古PUMP水 卧式离心泵头,XFS
182.3,ZSOE-07-d5b3a0c1,Plascon除锈剂,CRC 中性安全除锈剂,XFS
183.0,ZSOE-13-cd80a2f7,供油管,浩天瑞主供油管,XFS
183.0,ZSOE-13-18e12b8b,回油管,复盛 子套回油管,XFS
183.4,ZSOE-12-e617b9d5,重合闸继电器,三菱 过载继电器TH-N220RHKP,XFS
184.0,ZSOE-13-3a03ae20,鼓风机,得伟 调速吹吸风机工业除尘器两用吹尘机鼓风机,XFS
184.0,ZSOE-10-ae54b13d,钢钻头,德力西DELIXI 钻头套装,XFS
185.0,ZSOE-08-5c82e2dc,电锤,吉之翼 电锤电镐专用油,XFS
185.0,ZSOE-01-10806f9f,圆钢,沪工 YG圆钢夹钳,XFS
185.0,ZSOE-10-f3f91e22,空开,金富智邦 空开扳手,XFS
186.0,ZSOE-14-c7df7356,消防泵,羽泉 立式单级消防泵XBD系列,XFS
186.0,ZSOE-08-e59ea1d6,热风枪,[配件]东成 热风枪开关 个,XFS
186.0,ZSOE-05-b4749238,路沿石,生态仿石路沿石,XFS
186.0,ZSOE-13-7f16ccd9,活性炭,保为康 3006 白色活性炭纱布防尘口罩,XFS
186.0,ZSOE-07-6cdfb905,亮橙色,铸铝 道钉,XFS
186.0,ZSOE-07-e34d95b5,亮红色,星工ABS防碰撞工作帽,XFS
186.0,ZSOE-08-57d48493,冲击钻,博世 GSB16RE 冲击钻,XFS
186.0,ZSOE-11-214e5948,四通阀,HD鑫矿液压 四通,XFS
186.0,ZSOE-11-85d4fb71,截止阀,尼威克 316不锈钢两片式球阀,XFS
186.0,ZSOE-11-bac99550,手纸架,欧泰 纸巾架 OT-707025,XFS
186.0,ZSOE-11-5a4d9701,排气阀,鸿鑫龙英 移动抽拉式货架,XFS
186.0,ZSOE-11-2c3c70c1,液压阀,华德 先导式减压阀DR20,XFS
186.0,ZSOE-11-38b79599,热水泵,森路达 热水泵,XFS
186.0,ZSOE-11-65f0e0a7,热油泵,天菲塑料 导热油泵缓冲垫,XFS
186.0,ZSOE-11-1cf26ea8,高压泵,华美方 加湿器,XFS
186.0,ZSOE-12-c62de3f8,电流表,优利德UNIT 无线高低压叉形电流表UT255C,XFS
186.0,ZSOE-12-2eae6d7c,碘钨灯,华隆 顶式碘钨灯管,XFS
186.0,ZSOE-12-66a18953,节能灯,冰禹明装节能灯底座,XFS
186.0,ZSOE-12-3c02908e,避雷针,胀栓避雷针卡,XFS
186.0,ZSOE-12-65c2122d,防爆灯,紫光 防爆路灯,XFS
186.0,ZSOE-11-6bd6749d,水位计,鸿鑫龙英 玻璃管水位计温度计量仪,XFS
186.0,ZSOE-11-136ee362,浮球阀,奥美莱 100X大体铸铁遥控浮球阀,XFS
186.0,ZSOE-11-0af3988d,自吸泵,沈民 机械款自吸泵,XFS
186.0,ZSOE-13-0141de89,防火阀,通风防火阀常闭,XFS
186.0,ZSOE-09-6a8530ee,防火门,海斯迪克 消防安全标识牌警示牌,XFS
186.0,ZSOE-08-d439a099,电焊机,劳工 白甲24线原条三皮电焊机械隔热劳保手套,XFS
186.0,ZSOE-10-e4e80502,安全带,3M 五点式防坠落套装,XFS
186.0,ZSOE-10-857f0be9,安全帽,万木林 无毒防水防尘安全帽头套,XFS
186.0,ZSOE-10-7fe0cbcd,尖嘴钳,卡夫威尔 P3893A 手电钻工具套装,XFS
186.0,ZSOE-10-6c4d776f,工作服,XPOSUREGUARD C1-6300防酸碱防护服,XFS
186.0,ZSOE-10-d296f843,钢丝绳,3M 智能磁力回收临边速差器 镀锌钢 15米 钢丝绳直径为5mm,XFS
186.0,ZSOE-10-ebc1f41d,劳保鞋,鼎固/DINGGU 劳保鞋（防静电）,XFS
186.0,ZSOE-10-260ca5ca,木抹子,迈克龙力 1000/1 砂浆王,XFS
186.0,ZSOE-10-330530e6,网格带,峰塑 内墙网格带,XFS
186.0,ZSOE-12-64ef5561,白炽灯,正安防爆 正光干涉式甲烷测定器 白炽灯泡光源,XFS
186.0,ZSOE-12-686c6bd9,航空灯,微博电子 122型航空障碍灯,XFS
186.0,ZSOE-12-00298bcc,配线架,胜为shengwei 配线架多模满配FC,XFS
186.0,ZSOE-12-179297aa,铜芯线,正泰 铜芯线,XFS
186.0,ZSOE-13-95f18e0a,卸荷阀,X-TEC 卸荷阀,XFS
186.0,ZSOE-13-6c0cefa7,挡水板,安赛瑞 310116 彩钢围挡,XFS
186.0,ZSOE-13-4af35045,旁通阀,奥美莱 大体800X系列 压差旁通阀,XFS
186.0,ZSOE-13-928ef8d8,热风幕,绿岛风 大风量离心式热风幕机铜管热水型,XFS
186.0,ZSOE-13-a0b8f008,玻璃棉,国标 铝箔玻璃棉管,XFS
186.0,ZSOE-13-92b42b50,观察孔,顶固防盗眼,XFS
186.0,ZSOE-04-07737661,多层板,木质 多层板普通床板,XFS
186.3,ZSOE-12-95e1faa0,降阻剂,OUMAAN 欧麦安 柔性接地体,XFS
186.3,ZSOE-12-31b6f829,分线箱,荣欣 矿用增安型电缆分线箱,XFS
186.8,ZSOE-07-96da994d,2K亚克力稀释剂T-104（慢/中/快）,安赛瑞 34200 T型耳塞分配器,XFS
188.3,ZSOE-13-ddf95339,水槽,安赛瑞 710341 水槽皂液器,XFS
188.3,ZSOE-08-1ec8f2fe,电镐,吉之翼 电锤电镐专用油,XFS
188.3,ZSOE-10-93335d88,墨汁,晶宝 墨汁,XFS
188.3,ZSOE-10-8143e5a1,石笔,长方形石笔,XFS
188.3,ZSOE-10-35891585,碳刷,得伟 碳刷,XFS
188.3,ZSOE-10-d8c02174,草酸,斯铂格 高浓度草酸清洗剂,XFS
188.3,ZSOE-10-e26e56b7,雨布,安赛瑞 12447 加厚帆布防雨布,XFS
188.3,ZSOE-15-786b1916,茶几,悦山 办公室多功能泡茶台,XFS
188.3,ZSOE-12-8fad2637,出线,欧恩电柜照明灯ONN-X5M-B1X-出线,XFS
188.3,ZSOE-12-efab6ecd,搪瓷,得力 7888 商务白板,XFS
188.3,ZSOE-12-45f501d1,氙灯,海优达 氙灯老化试验箱,XFS
188.3,ZSOE-13-2c2485ca,喷嘴,亿丽佳 PH-2320 冰塔喷壶,XFS
188.3,ZSOE-13-1b4f48ec,槽车,NEUWERK 硬质合金涂层小径内槽车刀,XFS
188.3,ZSOE-07-ffb9d5e6,木胶,鸿鑫龙英 圆木胶合板,XFS
188.3,ZSOE-07-2fc96b27,白色,清洁底板,XFS
188.3,ZSOE-08-403e4cf9,电刨,博世BOSCH 电刨刨刀GHO10-82 20-82,XFS
188.3,ZSOE-06-300351f6,砂砖,普通灰砂砖,XFS
188.3,ZSOE-11-fb994aab,浴盆,净万家 中性浴盆清洁剂,XFS
188.3,ZSOE-11-9295c671,球阀,尼威克 316不锈钢两片式球阀,XFS
188.3,ZSOE-03-4dd5ac58,角钢,环沪 电动冲孔机,XFS
188.3,ZSOE-12-40c0e7dd,吊灯,三雄极光 防爆系列 LED防爆吊灯,XFS
188.3,ZSOE-12-2039d135,壁灯,敏华电工 自电自控 椭圆壁灯,XFS
188.3,ZSOE-12-72b0fac0,插座,胜为 PDU机柜插座 防雷保护,XFS
188.3,ZSOE-12-8709488f,灯罩,盛港 灯罩棉棉7针线手套,XFS
188.3,ZSOE-12-d516551e,电机,怡隆 616 十万级防静电机卷手指套,XFS
188.3,ZSOE-12-f9c48950,脚灯,公牛 G56系列 蝶翼人体感应地脚灯,XFS
188.3,ZSOE-12-cec186f8,路灯,紫光 防爆路灯,XFS
188.3,ZSOE-11-2b324b6c,蝶阀,利锁 蝶阀防事故装置 BD-8221,XFS
188.3,ZSOE-11-b06f8f49,角阀,巨泉 1601三角阀,XFS
188.3,ZSOE-11-3a12f92e,闸阀,巨泉 7022三角黄铜锁闭闸阀,XFS
188.3,ZSOE-13-a94fb385,滤纸,磨床过滤纸,XFS
188.3,ZSOE-13-f79a78fc,风帽,鸣固 护耳防寒防风帽加厚保暖鸭舌帽,XFS
188.3,ZSOE-13-f5343c8a,风阀,通风调节阀,XFS
188.3,ZSOE-08-9ee3b068,台钻,奥奔 台钻,XFS
188.3,ZSOE-10-2522f9b3,砂纸,博来 R7242 墙面打磨机,XFS
188.3,ZSOE-10-4d3bf8ae,管钳,美筑 管钳,XFS
188.3,ZSOE-10-2790ef7a,胶枪,发泡胶枪清洗剂,XFS
188.3,ZSOE-10-3f40184d,雨衣,谋福 RF803 内胆可拆卸反光警示棉服,XFS
188.3,ZSOE-10-3a4d7e33,雨鞋,安赛瑞 25277 高70cm一次性加长防雨鞋套,XFS
188.3,ZSOE-14-7c64257b,喷头,安智达 AZD1301不锈钢本色壁挂式洗眼器,XFS
188.3,ZSOE-10-05642b89,卷尺,晨光 标准钢卷尺,XFS
188.3,ZSOE-10-78cfb73e,墨斗,田岛TAJIMA 墨斗,XFS
188.3,ZSOE-10-790eeb30,岩棉,铝制保温钉,XFS
188.3,ZSOE-10-2af84fe7,瓦钉,冰禹 彩锌外六角钻尾丝 彩钢瓦燕尾丝加长瓦钉,XFS
188.3,ZSOE-16-fa367f13,顶托,实心可调顶托,XFS
188.3,ZSOE-12-3c2aa9ad,吊扇,鑫亨达 青稞纸,XFS
188.3,ZSOE-12-c73baba8,吊钩,HELISI 吊钩防脱扣,XFS
188.3,ZSOE-12-a876e6d3,天线,TP-LINK 万兆PCI-E高速有线网卡,XFS
188.3,ZSOE-12-7c85324e,沥青,漫德莱 方块拼接地毯,XFS
188.3,ZSOE-12-6008a804,铝线,东成 优质棘轮式线缆剪,XFS
188.3,ZSOE-13-2097cc2a,滑阀,鼎精 滑阀真空泵,XFS
188.3,ZSOE-13-74d37e64,滤芯,3M 呼吸阀片滤芯,XFS
188.3,ZSOE-13-f3297089,窗帘,遮阳窗帘,XFS
188.3,ZSOE-13-6a8c1693,管堵,安立达 线管堵点测堵器 充电,XFS
188.3,ZSOE-13-2c586c4e,管帽,垒固 塑料试管帽,XFS
188.8,ZSOE-12-da1183af,信号继电器,三菱 过载继电器TH-N220RHKP,XFS
188.8,ZSOE-12-c3942698,定向继电器,三菱 过载继电器TH-N220RHKP,XFS
188.8,ZSOE-12-92a7c80c,极化继电器,三菱 过载继电器TH-N220RHKP,XFS
188.8,ZSOE-12-588489e6,辅助继电器,三菱 过载继电器TH-N220RHKP,XFS
188.8,ZSOE-12-45527e9e,阻抗继电器,三菱 过载继电器TH-N220RHKP,XFS
189.3,ZSOE-08-a5ba3821,往复锯,东成 J1F-FF-30 往复锯,XFS
189.3,ZSOE-08-122757e9,直磨机,曼加洛 碳刷.,XFS
189.3,ZSOE-10-edfac72c,万向轮,同兴 支撑脚,XFS
189.3,ZSOE-10-2ae5041a,压力表,梅思安 BTIC碳纤气瓶含压力表6.8L,XFS
189.3,ZSOE-08-2064f6dc,飞机钻,[配件]东成 电圆锯碳刷,XFS
189.3,ZSOE-10-38cb6b0a,小推车,补天 小推车移动便携式洗眼器,XFS
189.3,ZSOE-10-98fd2551,振动棒,手提式振动棒电机,XFS
189.3,ZSOE-10-bdb0e522,洋镐把,安赛瑞 洋镐把,XFS
189.3,ZSOE-10-dc92558e,电焊条,赫力斯 电焊条,XFS
189.3,ZSOE-10-7ba136a3,竹扫把,赢宙 工厂环卫清洁竹扫把,XFS
189.3,ZSOE-10-1ff0c620,软水管,铭通远洋 牛筋软水管,XFS
189.3,ZSOE-15-0d7c227d,会议桌,晨光 ASC99357 商务L型会议桌牌,XFS
189.3,ZSOE-15-c0607511,电脑桌,锐德 REDER 翻板式电脑桌,XFS
189.3,ZSOE-15-0a155c1c,老板椅,企诺 老板椅可躺实木脚办公椅,XFS
189.3,ZSOE-12-08a15db7,控制柜,活动商品羽泉 水泵变频控制柜 ABB变频器,XFS
189.3,ZSOE-12-1a485ac8,隔热板,[配件]东成 汽油草坪机化油器隔热板垫,XFS
189.3,ZSOE-13-4f321d7e,丙烷气,天申 柜式七氟丙烷气体灭火装置,XFS
189.3,ZSOE-13-dbda3c9b,冷冻水,安赛瑞 15093 工业管道标识标签,XFS
189.3,ZSOE-13-f7f2e6fc,天然气,冰禹消防化工流向介质工业管道箭头标识贴标签贴,XFS
189.3,ZSOE-13-685ff8c8,排气管,标识牌专家 管道介质标识177,XFS
189.3,ZSOE-13-1e25b779,油毛毡,[配件]东成 电锤滤油毛毡,XFS
189.3,ZSOE-13-d6e1ed41,电冰箱,丰华丰 三开门电冰箱,XFS
189.3,ZSOE-13-12819b2e,石棉板,SEALTEX/索拓 ST-2058通用耐油芳纶纤维无石棉板,XFS
189.3,ZSOE-07-f1b9693e,脱漆剂,超云 高效脱漆剂,XFS
189.3,ZSOE-08-2a4bc1d4,修边机,东成 M1P-FF04-6 修边机,XFS
189.3,ZSOE-08-835fd872,套丝机,琳防 套丝机板牙,XFS
189.3,ZSOE-07-823291e9,沥青漆,一力 沥青漆,XFS
189.3,ZSOE-07-49c3136a,洋红色,齐心 CXP-100ML墨水,XFS
189.3,ZSOE-13-fc67c78e,异径管,中财 THS新风异径管接,XFS
189.3,ZSOE-07-7941dbc6,质感漆,艺人 外墙质感漆,XFS
189.3,ZSOE-08-723f74ef,云石机,东成 Z1E-FF02-110 云石机(CM4SB款),XFS
189.3,ZSOE-08-16f4fc32,吸尘器,鸿鑫龙英 吸尘器管,XFS
189.3,ZSOE-08-d16bfed0,手枪钻,金富智邦 气动手枪钻,XFS
189.3,ZSOE-08-c042c77f,曲线锯,东成 曲线锯M1Q-FF-65,XFS
189.3,ZSOE-08-b9c8f412,角磨机,巴可 充电角磨机锂电池18V/5.0Ah,XFS
189.3,ZSOE-06-c8b6ef66,耐火砖,佑以 耐火砖,XFS
189.3,ZSOE-11-287d7824,冲洗阀,惠达 HD3221AC 感应大便冲洗阀 交流电感应器,XFS
189.3,ZSOE-11-0266daba,净水器,永大 PP60B 滤芯胶带,XFS
189.3,ZSOE-11-14106ac7,减压阀,华德 先导式减压阀DR20,XFS
189.3,ZSOE-11-fda6e75e,单向阀,FESTO 先导单向阀 HGL系列,XFS
189.3,ZSOE-11-e93652eb,坐便器,一次性粘贴式坐便器保暖清洁垫,XFS
189.3,ZSOE-11-6c6cacdb,干手器,艾克AIKE 单面ABS感应高速干手器AK2,XFS
189.3,ZSOE-11-585e5b55,排水阀,JCSEALPRO 优级白高水基盘根,XFS
189.3,ZSOE-11-b736b34d,控制阀,华德二通流量控制阀 2FRM系列,XFS
189.3,ZSOE-11-1517427e,止回阀,谦华智科 不锈钢立卧式六角棒状双头内丝螺纹单向止回阀,XFS
189.3,ZSOE-11-eab68c8e,毛巾架,欧泰 毛巾杆 双杆 OT-700002H-黑,XFS
189.3,ZSOE-11-68af79d1,洗脸盆,九牧 P91178-1B-1 面盆下水器,XFS
189.3,ZSOE-11-39aa5cb3,进气阀,亚德客/AIRTAC 多级真空发生器 带进气阀与释放阀,XFS
189.3,ZSOE-11-a5048e9d,镀锌管,冲孔 临建施工电梯防护门,XFS
189.3,ZSOE-11-b861ef09,饮水器,谦华智科 304不锈钢带底座饮水器内丝弯头,XFS
189.3,ZSOE-03-b48f1cb5,工字钢,梅思安 Workman工字钢锚点,XFS
189.3,ZSOE-03-f39496ed,铁丝网,蓝鹰 高速冲击防护铁丝网面屏FC29,XFS
189.3,ZSOE-12-6e4afaff,信号灯,正辉 双功能警闪肩灯 FD5809,XFS
189.3,ZSOE-12-d6ff5a32,工厂灯,保昌 LED工厂灯,XFS
189.3,ZSOE-12-4f423162,投光灯,元伟自动化 LED投光灯,XFS
189.3,ZSOE-12-267d4683,指示灯,保时安 船社级可燃气体报警控制器,XFS
189.3,ZSOE-12-d137f5e6,探照灯,森本 SBF3223 手提式防爆探照灯,XFS
189.3,ZSOE-12-cd1cdb52,接地线,安赛瑞 12416 反光电力接地线胶带,XFS
189.3,ZSOE-12-f7c9c393,接线盒,美仪 PH安装支架防水接线盒,XFS
189.3,ZSOE-12-2969376e,接线箱,普利卡接线箱连接器B,XFS
189.3,ZSOE-12-91855000,水晶灯,佛山照明 炫丽 T8LED可折叠空支架单管平盖水晶灯座工程款,XFS
189.3,ZSOE-12-404094d8,滑触线,德玛易通 钢铜复合刚体滑触线JGH,XFS
189.3,ZSOE-12-dfde2b06,调压器,塑料 液动 卡套 脉冲式 ABS塑钢大牧人橘色软管调压器,XFS
189.3,ZSOE-12-dab6e312,障碍灯,微博电子 122型航空障碍灯,XFS
189.3,ZSOE-11-a85d05d2,存水弯,欧泰 OT-103021 蹲便器,XFS
189.3,ZSOE-11-b5976699,安全阀,鼎华 立柱安全阀接头座,XFS
189.3,ZSOE-11-a6fe231b,渣浆泵,隆彪 立式渣浆泵,XFS
189.3,ZSOE-11-ee3ea2a6,调节阀,SMC VEX1533-06-BGN 调节阀,XFS
189.3,ZSOE-11-b1510c17,蹲便器,翼淼 脚踏式OTO蹲便器冲水阀,XFS
189.3,ZSOE-13-fda6e75e,单向阀,FESTO 先导单向阀 HGL系列,XFS
189.3,ZSOE-13-103802e4,换热器,3M 1099换热板与橡胶垫片专用密封胶,XFS
189.3,ZSOE-13-5d26e9df,散流器,[配件]喷塑圆形散流器,XFS
189.3,ZSOE-13-1517427e,止回阀,谦华智科 不锈钢立卧式六角棒状双头内丝螺纹单向止回阀,XFS
189.3,ZSOE-13-fdc8350d,静压箱,空调静压箱,XFS
189.3,ZSOE-09-06de250b,彩钢瓦,冰禹 彩锌外六角钻尾丝 彩钢瓦燕尾丝加长瓦钉,XFS
189.3,ZSOE-09-7b9afbaf,石膏板,美巢 QN600QF 墙尼嵌缝石膏,XFS
189.3,ZSOE-09-2bccb05c,防盗门,冰禹 BJ-928 精品轻音不锈钢执手锁,XFS
189.3,ZSOE-10-56d17baa,斜口钳,长城精工 防爆斜口钳 铍青铜,XFS
189.3,ZSOE-10-b138d4ef,植筋胶,卡乐儿 注射式环氧植筋胶 3:1,XFS
189.3,ZSOE-10-f50a56ed,橡皮锤,宇昊 橡皮锤,XFS
189.3,ZSOE-10-da3fbe5c,水平尺,卡夫威尔 P3893A 手电钻工具套装,XFS
189.3,ZSOE-10-538972f4,水泥钉,京南啄木鸟 水泥钉,XFS
189.3,ZSOE-10-9f006666,滚筒刷,立邦 臻选羊毛滚筒刷头,XFS
189.3,ZSOE-10-8254ee92,玻璃胶,胶嘴 硬装,XFS
189.3,ZSOE-10-26b65206,羊角锤,得力 纤维柄羊角锤,XFS
189.3,ZSOE-14-ba20fc3d,灭火器,安赛瑞 21029 不干胶贴IMO安全标志,XFS
189.3,ZSOE-10-45552d6a,焊把钳,沪工 手工弧焊机,XFS
189.3,ZSOE-10-4e1b34a1,电洛铁,田岛 电洛铁,XFS
189.3,ZSOE-10-21651917,线鼻子,美筑 铜线鼻子,XFS
189.3,ZSOE-10-192b450a,老虎钳,老A 工业型绝缘老虎钳子,XFS
189.3,ZSOE-10-1038a0dc,腻子刀,克里斯汀 木柄普抛油灰刀 腻子刀 抹泥刀,XFS
189.3,ZSOE-10-8f0b9419,警示带,洪湖 伸缩警示带,XFS
189.3,ZSOE-10-b1295e2b,钢锯条,琳防 高速钢锯条,XFS
189.3,ZSOE-10-8638ecf0,门把手,机器人围栏 对开门,XFS
189.3,ZSOE-09-82eec65e,推拉门,京泰 JT-101137推拉门高柜,XFS
189.3,ZSOE-09-60284810,玻璃门,西斯贝尔 玻璃门壁挂式金属急救箱,XFS
189.3,ZSOE-09-5a567369,自动门,西斯贝尔 黄色自动门易燃液体自闭门安全储存柜,XFS
189.3,ZSOE-09-eef9f401,边龙骨,圣戈班 轻钢龙骨收边龙骨,XFS
189.3,ZSOE-12-4af91086,刀开关,竑能 HD13-600/31刀开关,XFS
189.3,ZSOE-12-0cf00e09,圆球灯,南佳鸿 太阳能圆球灯,XFS
189.3,ZSOE-12-930f4ae4,录像机,海康威视 硬盘录像机DS-8816HQH,XFS
189.3,ZSOE-12-b5db5cef,总开关,怡合达 总开关,XFS
189.3,ZSOE-12-fb3fb4a7,报警灯,艾科思 GT-GND20 二氧化碳气体报警器含报警灯含防爆证,XFS
189.3,ZSOE-12-894acb23,排风扇,[配件]卡纳斯 工业落地(壁)扇普通网罩,XFS
189.3,ZSOE-12-4cb733ad,接地极,中雷特 圆线 石墨接地极,XFS
189.3,ZSOE-12-05c03c39,接线板,公牛 BULL 插座接线板插排插线板拖线板,XFS
189.3,ZSOE-12-cb69855e,接线柱,喜利得 平头接线柱,XFS
189.3,ZSOE-12-ef8736df,电缆夹,永悍 单芯SS316不锈钢电缆夹,XFS
189.3,ZSOE-12-c2e9dca9,电缆沟,玻璃钢电缆支架螺钉款,XFS
189.3,ZSOE-12-a190ec36,荧光灯,亚速旺 经济型UV检查灯,XFS
189.3,ZSOE-12-43ea3cb8,配电箱,安赛瑞 31364 临时用电安全作业许可单,XFS
189.3,ZSOE-12-30c1ce7b,限流器,施耐德Schneider进口GV2附件 限流器,XFS
189.3,ZSOE-13-34fb358e,冷却塔,利欧 冷却塔补水泵,XFS
189.3,ZSOE-04-88450b8f,竹胶板,闽阳 厚帘竹胶板,XFS
189.3,ZSOE-15-640c8a80,洗衣机,绿伞 抗菌除螨洗衣机槽清洗剂,XFS
189.3,ZSOE-15-d6e1ed41,电冰箱,丰华丰 三开门电冰箱,XFS
189.3,ZSOE-15-54d1e5b2,饮水机,海斯迪克 桌面物品定位标志6S管理标志标签5S定位,XFS
189.3,ZSOE-06-e632061b,普通砂,普通砂加气砖 砂加气,XFS
189.3,ZSOE-08-743d1d6b,蚊钉枪,方大 大众王系列P-625 蚊钉枪,XFS
189.3,ZSOE-06-80b7e024,空心砖,海斯迪克 中空壁虎 空心砖专用膨胀螺丝,XFS
189.3,ZSOE-11-1de31955,报警阀,玉捷 隔膜式预作用报警阀组,XFS
189.3,ZSOE-11-3f8ec4d7,溢流阀,HELISI 液压溢流阀,XFS
189.3,ZSOE-11-f620d6f0,热水器,史沃斯 热水器加热棒,XFS
189.3,ZSOE-11-0d1f9118,节流阀,亚德客 ASL节流阀,XFS
189.3,ZSOE-13-12e93eb8,循环泵,江苏三爱思 低温冷却液循环泵DLSB-20/30,XFS
189.3,ZSOE-13-a1d9f82f,水泥板,挂片保温钉专用胶水,XFS
189.3,ZSOE-13-c9e92187,电动机,美丽雅 电动机联轴胶垫,XFS
189.3,ZSOE-13-537a5780,电解槽,美筑 电解槽阴极（雷尼镍+镍网）,XFS
189.3,ZSOE-13-47d564d0,针形阀,WITEG AS级微型滴定管 2ML:0 01 侧式PTFE针形阀开关 带木质底座,XFS
189.3,ZSOE-13-7041d031,阻火器,海斯迪克 HKW-52 汽车防火罩排气管阻火器,XFS
189.3,ZSOE-13-a6b7a427,除尘器,特耐适TRUST 棉质除尘手套替换装6989,XFS
189.3,ZSOE-04-3c1b4e32,三合板,多层板三合板,XFS
189.3,ZSOE-04-ee9d170e,圆木棍,赫尔德福 圆木棍,XFS
189.3,ZSOE-04-49c990f6,覆膜板,TCL R551 P10-SS大容量变频风冷冰箱,XFS
192.0,ZSOE-11-aa305654,座盖,赛德 盖板,XFS
192.4,ZSOE-12-42962c3a,单相插座,公牛 单相插头,XFS
194.7,ZSOE-12-04c14aa5,紧急电话,海斯迪克自发光消防安全标识,XFS
194.7,ZSOE-13-bbdb91db,分析仪表,精明鼠NOYAFA 光纤故障测试仪NF-911,XFS
195.0,ZSOE-10-c8fca9c9,图钉,齐心 B3510 彩色工字钉,XFS
195.0,ZSOE-10-e0531131,帐篷,安赛瑞 12417 户外广告遮阳帐篷,XFS
195.0,ZSOE-10-81d6fdcb,拖把,妙洁 长齿梳扫把组合,XFS
195.0,ZSOE-10-f31af1ea,石蜡,沃凯 液体石蜡,XFS
195.0,ZSOE-10-2fa2bdf3,簸箕,沪洋 塑料扫帚套装,XFS
195.0,ZSOE-10-486e3e4b,粉笔,孔雀牌 优质粉笔,XFS
195.0,ZSOE-15-e1c72392,货架,京泰 档案货架 现场组装,XFS
195.0,ZSOE-12-339c7e00,卫星,胜利仪器 无线高压卫星授时核相仪,XFS
195.0,ZSOE-12-d27a6bfc,定子,[配件]华丽 电镐定子拉簧,XFS
195.0,ZSOE-12-27ddbf13,话筒,得胜 SGC-578 话筒,XFS
195.0,ZSOE-12-57366faf,转子,昊塑 高压涡轮转子篦齿保护套,XFS
195.0,ZSOE-13-4422e303,手孔,预制混凝土路灯手孔井,XFS
195.0,ZSOE-13-91273ed7,氦气,安赛瑞 工厂气体管道标识,XFS
195.0,ZSOE-13-886faa1e,氨气,耐呗斯 8801 防尘及防氨气TNK硅胶全面罩四件套,XFS
195.0,ZSOE-13-921db012,氩气,标识牌专家 职业病危害告知卡9,XFS
195.0,ZSOE-13-631464eb,烟囱,江洁枫 玻化砖活化剂,XFS
195.0,ZSOE-13-3ae570e4,真空,MN/孟诺 Mn-ydtz超低温防液氮头罩,XFS
195.0,ZSOE-13-9d9aad9f,蒸汽,汉盾 有机蒸汽滤毒盒,XFS
195.0,ZSOE-11-86efa88d,檐沟,联塑 PVC左端盖 排水檐沟,XFS
195.0,ZSOE-11-01e051d8,淋浴,东方宝石 香氛淋浴乳,XFS
195.0,ZSOE-12-bc197b60,云母,太美/TEMAC HI-TEMP耐高温云母板,XFS
195.0,ZSOE-12-46c0342d,插头,海康威视 摄像头视频插头,XFS
195.0,ZSOE-12-5efb68c3,灯丝,SiraYumo 灯丝,XFS
195.0,ZSOE-12-8831a379,电池,海固 彩屏智能型四人全面罩电动送风式长管呼吸器HG-DHZK20AH6,XFS
195.0,ZSOE-13-3bc3d61e,烟道,WONHENG YH9150 耐高温柔性防腐涂层,XFS
195.0,ZSOE-10-2e378115,乙炔,海斯迪克存放处警示牌,XFS
195.0,ZSOE-10-e7d26b7d,电笔,奥戈 试电笔,XFS
195.0,ZSOE-10-35e11897,钢锯,琳防 高速钢锯条,XFS
195.0,ZSOE-10-60b40b9b,铁钉,草坪钉,XFS
195.0,ZSOE-10-451b3304,手锤,金炎火 紫铜手锤,XFS
195.0,ZSOE-10-f20aef61,挂锁,利锁 安全挂锁挂架 BD-8763,XFS
195.0,ZSOE-10-5efee688,氧气,3M S-533L 固定式头罩,XFS
195.0,ZSOE-10-6bb90197,洋镐,锄头,XFS
195.0,ZSOE-09-8e972701,地毯,红地毯,XFS
195.0,ZSOE-12-c787a8af,垫块,日昇达 海绵垫块,XFS
195.0,ZSOE-12-618d9b82,垫木,百登博 垫木,XFS
195.0,ZSOE-12-cf70a4ed,橡皮,金富智邦 橡皮手套,XFS
195.0,ZSOE-12-0e93c164,石棉,谋福 五指型防火手套,XFS
195.0,ZSOE-12-2cd8341b,石膏,建仪 建筑石膏料浆搅拌机,XFS
195.0,ZSOE-12-b9f7ce0c,馈线,夏光 SyncEdge时频同步分析仪,XFS
195.0,ZSOE-04-2a6421a6,柚木,企诺 QND2AYBL-F0106 马克柚木 商务风方茶几,XFS
195.0,ZSOE-06-c1fa0518,石粉,迈克龙力 滑石粉,XFS
195.0,ZSOE-04-0319ef04,硬木,长城精工 木柄羊角锤,XFS
195.4,ZSOE-12-5e4658b6,油断路器,施耐德Schneider 塑壳漏电保护断路器Breaker/3P/Micrologic 4.2,XFS
196.0,ZSOE-08-222ca55b,吹风机,松下 EH-NA9CRP405 吹风机,XFS
196.0,ZSOE-17-92ddfffb,集装箱,澳亚 集装箱.,XFS
196.0,ZSOE-10-6f36ff6e,喷雾器,安赛瑞 27028 手扣式小型喷雾器,XFS
196.0,ZSOE-15-bba329a5,保险箱,得力 4116G 指纹密码保险柜,XFS
196.0,ZSOE-15-3886dc42,打印机,海斯迪克 桌面物品定位标志6S管理标志标签5S定位,XFS
196.0,ZSOE-12-dc524e0e,励磁机,竑能 励磁机滤网,XFS
196.0,ZSOE-12-c56917b1,同步器,欧贝赫 缝纫机油,XFS
196.0,ZSOE-12-3886dc42,打印机,海斯迪克 桌面物品定位标志6S管理标志标签5S定位,XFS
196.0,ZSOE-12-1c59faa2,扬声器,罗技视频会议系统,XFS
196.0,ZSOE-12-0f5cd122,接收机,得胜 WTG-700 双讲版耳挂接收机,XFS
196.0,ZSOE-11-dd8f3e00,冲洗器,妇炎洁 植物草本抑菌洗液,XFS
196.0,ZSOE-11-b40124ed,小便器,潜水艇 小便器S弯下水管,XFS
196.0,ZSOE-11-9550170a,洗手盆,涂高 柔光美缝剂,XFS
196.0,ZSOE-12-04596875,交换机,海康威视 机架式千兆高功率PoE交换机,XFS
196.0,ZSOE-12-d8f2c11e,启辉器,英施丹 启辉器,XFS
196.0,ZSOE-12-ac7e6131,电压表,胜利仪器 无线高压电压表,XFS
196.0,ZSOE-12-36e3a631,电容器,锋耐 电容器纸,XFS
196.0,ZSOE-12-a79c09b1,电缆套,诺斯 电缆套管接头热缩管,XFS
196.0,ZSOE-12-9dc22efa,电视机,[配件]TCL 会议电视会议平板投屏器,XFS
196.0,ZSOE-12-b921ea9c,电阻器,陆恒 线切割整流桥,XFS
196.0,ZSOE-12-07ebcd7c,稳压器,正泰 柱式交流自动稳压器,XFS
196.0,ZSOE-12-3a233560,起动器,[配件]东成 汽油草坪机起动器总成,XFS
196.0,ZSOE-12-eaea8824,镇流器,亚明 金卤灯镇流器,XFS
196.0,ZSOE-13-0b264ec0,冷凝器,江苏三爱思 冷指冷凝器,XFS
196.0,ZSOE-13-5983759c,冷却器,传特 冷却器换热板片,XFS
196.0,ZSOE-13-8f9727ba,百叶窗,0121 防冲击防刮痕防雾 百叶窗护目镜,XFS
196.0,ZSOE-09-e8157687,大理石,花纹塑胶地板,XFS
196.0,ZSOE-09-0383baec,踢脚线,先锋 HD2028RC-22R 踢脚线取暖器,XFS
196.0,ZSOE-09-591a4200,花岗岩,绿伞 地板清洗剂,XFS
196.0,ZSOE-09-4e237ce4,马赛克,天堂 13039E马赛克 直骨晴雨伞,XFS
196.0,ZSOE-12-d465bdde,中继器,中宇精工本安型中继器,XFS
196.0,ZSOE-12-4de3a59e,减压器,红旗 氮气减压器,XFS
196.0,ZSOE-12-c2e2f8c5,分支器,美的中央空调分支器,XFS
196.0,ZSOE-12-9c060555,分配器,3M ONE TOUCH PRO耳塞分配器,XFS
196.0,ZSOE-12-f4e762ba,变阻器,默德科技主机核心板绿色,XFS
196.0,ZSOE-12-50e94fd1,对讲机,汉盾 配安全帽式蓝牙通讯耳罩,XFS
196.0,ZSOE-12-c749f1d0,扩展器,绿联 40254 VGA一分二视频扩展器,XFS
196.0,ZSOE-12-48941251,扩音器,雷公王 CR-93手持扩音器,XFS
196.0,ZSOE-12-2426893d,插座箱,美筑 插座箱,XFS
196.0,ZSOE-12-6dada0d4,摄像机,得力 工业高速摄像机三脚架,XFS
196.0,ZSOE-12-b8603c77,放大器,TP-LINK TL-WDA6332RE 无线信号放大器,XFS
196.0,ZSOE-12-12ee2fb1,整流器,福禄克 FLUKE 电池充电器/整流器,XFS
196.0,ZSOE-12-8f9727ba,百叶窗,0121 防冲击防刮痕防雾 百叶窗护目镜,XFS
196.0,ZSOE-12-d5130d0e,监视器,大华dahua 32吋V200监视器,XFS
196.0,ZSOE-13-dacae263,冷冻机,昆仑 KHT冷冻机油,XFS
196.0,ZSOE-13-d00f36f0,加湿器,宇昊 集装箱养护室设备,XFS
196.0,ZSOE-15-9dc22efa,电视机,[配件]TCL 会议电视会议平板投屏器,XFS
196.0,ZSOE-13-2ee1d4c9,报警器,首盾 安全帽近电语音报警器,XFS
196.0,ZSOE-13-ca0da619,暖风机,先锋 HN86PS-22R 立式暖风机,XFS
197.0,ZSOE-10-5755862b,502胶,得力 502胶,XFS
200.7,ZSOE-11-a78daff8,PPR热熔器嘴头,神牛 700W数显型PPR热熔器,XFS
205.5,ZSOE-11-3e6768b5,焊接碳钢螺旋管,热镀锌螺旋管,XFS
206.6,ZSOE-10-039660e2,普通白色线手套,线元素 普通棉线蓝边线手套,XFS
206.8,ZSOE-11-5c3aec1e,HDPE管,中泽 HDPE塑料管卡不带钉,XFS
210.9,ZSOE-13-b35f1d9c,风冷冷水机组,HYZOE 风冷工业冷水机 风冷机,XFS
211.7,ZSOE-13-4529c86d,吸附式干燥器,风威 冷冻式干燥机,XFS
216.0,ZSOE-08-70d97437,搅拌机,亚速旺 实验室无刷电机搅拌机,XFS
217.3,ZSOE-10-f757991d,推拉门滑轨,冰禹 BYC-64 衣柜移门滑轮,XFS
219.7,ZSOE-07-f165bd2d,墙面石膏粉,龙牌 普通纸面石膏板 双防,XFS
224.4,ZSOE-11-d7855638,PPR堵头,日丰 PPR堵头,XFS
227.2,ZSOE-12-18194f1c,户内交流金属铠装移动式开关柜,国电西高 手持式开关柜局放检测仪,XFS
229.3,ZSOE-12-939b65b4,变压器,国电中星充气式无局放试验变压器,XFS
229.6,ZSOE-07-e424c42e,亚克力饰面-2K-永久紫罗兰色和波尔多色,天堂 33878E 闪耀星辰晴雨两用伞,XFS
234.5,ZSOE-07-1e99ed2d,GALAXY2K环氧厚浆底漆，带硬化剂(4+1+1=6L),双虎 云铁环氧厚浆中间漆,XFS
235.6,ZSOE-07-445cadb9,GALAXY聚氨酯2K光泽，含固化剂和稀释剂r(4+1+1=6L),石大爷 云石胶 含固化剂,XFS
235.7,ZSOE-11-b5c262fe,膈膜阀,浙京京水阀门 隔膜阀,XFS
236.3,ZSOE-07-996ba6b4,GALAXY聚氨酯2K哑光，含固化剂和稀释剂(4+1+1=6L),石大爷 云石胶 含固化剂,XFS
237.0,ZSOE-07-a293c5b9,GALAXY专业救生员外墙涂料,三和 工程专用外墙涂料,XFS
237.0,ZSOE-07-94b5b7b1,Plascon乙烯基丝绸内墙涂料,立邦 时时丽专业防霉内墙乳胶漆,XFS
238.0,ZSOE-07-d834a565,木亮蛋壳透明-2K带固化剂（400毫升）,哥俩好 原子灰带固化剂组合装,XFS
238.9,ZSOE-07-d69abe46,纯丙烯酸(PVA)屋顶/地板涂料-特殊颜色,禹神 美嘉盾1006合成高分子丙烯酸防水涂料,XFS
239.8,ZSOE-07-1c685017,GALAXY氯化橡胶稀释剂T-205,双虎 氯化橡胶防腐面漆,XFS
239.9,ZSOE-11-05f452bf,镀锌单连内丝球阀,力 黄铜PP-R内丝球阀,XFS
240.2,ZSOE-07-1f274ed4,PlasconUpox搪瓷套装（21升固化剂和14升涂料）,费默司 金相专用 冷 固化剂和粉体组合,XFS
240.4,ZSOE-07-0de31d1d,GALAXY红氧化底漆防锈漆,卫蓝科威 金属漆防锈漆,XFS
240.4,ZSOE-07-3a5cf60f,纯丙烯酸(PVA)屋顶/地板涂料-红色/绿色,三峡 聚氨酯磁漆,XFS
240.7,ZSOE-11-c0a8e62c,管道泵,古PUMP水 立式管道增压泵,XFS
240.7,ZSOE-11-2f8954fb,增压泵,古PUMP水 立式管道增压泵,XFS
240.7,ZSOE-11-8a4c6bbc,污水泵,古PUMP水 水泵+电机,XFS
241.1,ZSOE-12-a7531ade,鼠笼式感应电动机,飞科 FT7205 宝石蓝充电式软毛智能感应电动牙刷,XFS
241.1,ZSOE-12-327e5321,韧性橡皮绝缘电缆,宝合 双色绝缘电缆钳剪,XFS
241.1,ZSOE-13-42af8975,直接作用式调节阀,力 手轮式调节阀,XFS
241.1,ZSOE-13-2e3ea345,离心旋风式除尘器,亚德客 喷枪除尘枪,XFS
241.1,ZSOE-07-9155e1ef,Plascon氯化橡胶稀释剂,双虎 氯化橡胶防腐面漆,XFS
241.5,ZSOE-13-f8632b0e,离心式双体空压机,虎牌 空压机专用润滑油,XFS
241.5,ZSOE-13-dab00623,空气冷却式汽化器,佑侨 空气冷却装置,XFS
243.3,ZSOE-12-738b211c,晨昏自动开关，光敏开关,飞利浦 家用滴漏式美式咖啡机,XFS
243.9,ZSOE-12-3e03a2f2,磁吹阀式避雷器,国电巨龙 中星GDZX 手持式避雷器放电计数器检测仪,XFS
244.1,ZSOE-07-960c3259,Plascon道路标线稀释剂,赢美至 道路标线漆,XFS
245.0,ZSOE-07-74f85ecd,PlasconHiCover乳液（特殊色调）内墙涂料,立邦 时时丽专业防霉内墙乳胶漆,XFS
245.0,ZSOE-11-713f93db,钢制法兰伸缩节,C2F-VSSJaF双法兰传力接头 1.0MPa,XFS
245.0,ZSOE-17-afce77d0,绿色防火安全网,杰斯瑞特 SURE-GRIP防火安全柜,XFS
245.0,ZSOE-12-03160ca1,数字楼层显示屏,眼镜猴 楼层显示牌（1-6F）,XFS
245.6,ZSOE-08-68a55f5d,万能角度抛光机,波斯 二合一数显角度尺,XFS
245.6,ZSOE-07-0b5c651e,PlasconHiCover乳液（常规色调）内墙涂料,立邦 时时丽专业防霉内墙乳胶漆,XFS
245.6,ZSOE-16-be49f531,脚手架对接扣件,日式内接扣件,XFS
245.6,ZSOE-12-7a10d23e,合闸位置继电器,人民电器 DTSY858三相电子式电能表,XFS
245.6,ZSOE-12-7bc03c35,绝缘监视继合器,施耐德Schneider 塑壳断路器附件绝缘监视模块,XFS
246.3,ZSOE-11-c79aa8dc,管材固定金属卡,[配件]东成 电锤固定金属片,XFS
246.3,ZSOE-11-b4e2d1b7,镀锌双外丝接头,DOKKO 不锈钢外丝接头卡盘,XFS
246.6,ZSOE-07-536dc437,GALAXY海洋底漆2K带固化剂(4+1+1=6L),哥俩好 原子灰带固化剂组合装,XFS
247.1,ZSOE-07-81c9f17d,木材亮光-2K带固化剂（400毫升）,哥俩好 原子灰带固化剂组合装,XFS
247.1,ZSOE-11-1f10a7df,HDPE单连内丝球阀,力 黄铜PP-R内丝球阀,XFS
247.1,ZSOE-11-9f9e672b,PPR单连内丝球阀,力 黄铜PP-R内丝球阀,XFS
247.1,ZSOE-11-3969b428,PVC单连内丝球阀,力 黄铜PP-R内丝球阀,XFS
247.8,ZSOE-07-3bdb6458,碱性专用底漆（水性）,富思特 G-30 无机涂料专用底漆,XFS
247.8,ZSOE-11-f3fe49c7,饮用水循环泵，变速,沈民 普通双控智能款自吸泵,XFS
247.8,ZSOE-11-6ec7ef49,饮用水循环泵，定速,沈民 普通双控智能款自吸泵,XFS
248.5,ZSOE-12-edcb9c10,瓷插式熔断器,北熔电气 隔离式熔断器 FGRW-40.5/400,XFS
248.5,ZSOE-12-f89b6297,跌落式熔断器,北熔电气 隔离式熔断器 FGRW-40.5/400,XFS
248.5,ZSOE-07-8600ba3d,GALAXY专业内墙底漆,立邦 内墙全能抗碱底漆18L,XFS
249.5,ZSOE-12-b543ba77,螺旋式熔断器,北熔电气 隔离式熔断器 FGRW-40.5/400,XFS
250.6,ZSOE-12-3d554f99,广播音响系统,得胜ELV-101 全频音箱,XFS
250.6,ZSOE-12-ff7d8aed,绕线式电动机,施耐德Schneider电动机断路器GZ1N系列,XFS
250.6,ZSOE-11-8f5fe282,90°镀锌内丝弯头,红枫 PB内丝弯头,XFS
250.6,ZSOE-11-73135e95,冷冻水循环泵,钱涛 热水循环泵,XFS
250.6,ZSOE-11-5acfc112,钢制承插弯头,绿岛 FRPP玻纤增强聚丙烯45°承插弯头,XFS
250.6,ZSOE-11-c8ff4efd,镀锌内丝接头,鸿源润通 内丝接头,XFS
250.6,ZSOE-11-125874c6,镀锌外丝接头,DOKKO 不锈钢外丝接头卡盘,XFS
250.6,ZSOE-13-a62e73bb,板式热交换器,宇凯 YK1939 修补剂,XFS
251.5,ZSOE-12-50dd4dad,滑环式电动机,施耐德Schneider电动机断路器GZ1N系列,XFS
251.5,ZSOE-13-2e964e57,干燥压缩空气,玖盾安科 JD-CQ100B 高压呼吸空气压缩机,XFS
251.5,ZSOE-11-e49b29c0,球墨法兰三通,中泽 FRPP静音异径顺水三通 法兰,XFS
251.5,ZSOE-11-632732f1,球墨法兰弯头,长城 气灭管件法兰弯头,XFS
251.5,ZSOE-11-0bff12c9,钢制法兰三通,中泽 FRPP静音异径顺水三通 法兰,XFS
251.5,ZSOE-11-0692ab34,钢制法兰变径,钢制法兰,XFS
251.5,ZSOE-11-0dfa7839,钢制法兰弯头,长城 气灭管件法兰弯头,XFS
251.5,ZSOE-11-bf5fbc53,钢制法兰盲板,晋和源 法兰盲板,XFS
251.5,ZSOE-11-3e21713b,钢制焊接三通,众常亿新 焊接三通HD,XFS
251.5,ZSOE-11-5e185ef9,钢制焊接弯头,焊接临边防护连接件,XFS
251.5,ZSOE-11-24219cc0,铸铁阳台地漏,伟星 PVC阳台地漏,XFS
251.5,ZSOE-11-968efbd7,镀锌内丝三通,空压机 配件,XFS
251.5,ZSOE-10-b2ffc19a,空压机导气管,东成 Q1E-FF-2524F空压机导风罩,XFS
251.5,ZSOE-12-c56fcde8,低周率继电器,尚明 中间功率继电器底座,XFS
251.5,ZSOE-12-a59e4382,塑料绝缘电缆,宝合 双色绝缘电缆钳剪,XFS
251.5,ZSOE-12-587bc418,差周率继电器,尚明 中间功率继电器底座,XFS
251.5,ZSOE-12-4e7a39b0,橡皮绝缘电缆,宝合 双色绝缘电缆钳剪,XFS
251.5,ZSOE-12-bd98d80b,真空白炽灯泡,正安防爆 正光干涉式甲烷测定器 白炽灯泡光源,XFS
251.5,ZSOE-11-4bbf6881,流过式加热器,华丰 SCD型绳式加热器,XFS
251.5,ZSOE-13-78b4bf5c,钠离子交换器,丰华丰 阳离子交换树脂,XFS
252.1,ZSOE-07-55e50d61,Plascon2K丙烯酸底漆,创途 丙烯酸底面合一 防腐漆,XFS
252.2,ZSOE-07-9d2d1f62,黑色,佳能CANON 复合机耗材NPG-59 Toner,XFS
252.5,ZSOE-13-d16e50b0,压盖式过滤器,福禄克 FLUKE 内嵌式过滤器,XFS
252.5,ZSOE-13-6cbc85a3,转轮式换热器,捷丰流体 NBR丁腈橡胶板式换热器密封胶条,XFS
253.2,ZSOE-08-f6740303,空压机,山西星航 螺杆式空压机冷却液,XFS
253.2,ZSOE-10-bcffe837,直角尺,得力 钢尺,XFS
253.2,ZSOE-13-143001dd,真空泵,古PUMP水 真空泵,XFS
253.6,ZSOE-10-a5961e85,普通平板玻璃,丰华丰 有机玻璃,XFS
253.6,ZSOE-13-4b340269,燃油点火装置,长沙开元 量热仪,XFS
254.0,ZSOE-07-b4552f98,Plascon氯化橡胶漆,双虎 氯化橡胶防腐面漆,XFS
255.3,ZSOE-07-e12a45b5,RBP丙烯酸底漆,创途 丙烯酸底面合一 防腐漆,XFS
255.8,ZSOE-13-5c2ba341,蒸汽-水热交换器,宇凯 YK1939 修补剂,XFS
257.0,ZSOE-07-67612557,GALAXY平醇酸磁漆,一力 醇酸磁漆面漆,XFS
257.0,ZSOE-07-a413367d,GALAXY铬酸锌底漆,一力 环氧磷酸锌底漆,XFS
257.0,ZSOE-12-dcbba189,防水防尘灯,万木林 无毒防水防尘安全帽头套,XFS
257.5,ZSOE-12-137d971f,欠压继电器,腾宇 停机油压继电器,XFS
258.0,ZSOE-13-fd048ef4,吸顶式空调,美的 KFR-51QW/F-1 吊顶式空调,XFS
258.0,ZSOE-13-177269ce,步袋除尘器,谦鹤 P84针刺毡除尘过滤布袋,XFS
259.0,ZSOE-12-b17b240a,电压继电器,腾宇 停机油压继电器,XFS
259.1,ZSOE-10-755cda3d,白色尼龙线,安美尚 橙色带蓝色尼龙线TPR耳塞,XFS
260.5,ZSOE-17-f8b32a3f,白色涤纶网,赛立特 ST59103 10针白色涤纶针织手套,XFS
260.5,ZSOE-12-16451cde,起动电动机,皖南 三相异步电磁制动电动机,XFS
260.5,ZSOE-13-cf894663,过压指示器,施耐德Schneider 塑壳断路器附件 电压指示器,XFS
260.5,ZSOE-11-94ffc3ae,游泳池水泵,E+H恩德斯豪斯 CCM223 余氯变送器,XFS
260.5,ZSOE-10-1275ffdb,安装闭门器,GMT DC161定位明装闭门器,XFS
260.5,ZSOE-10-97e38498,长胶皮手套,尚明 胶皮手套,XFS
260.5,ZSOE-12-b769a185,单相变压器,北熔电气 避雷器,XFS
260.5,ZSOE-12-a50d6287,应急照明线,东君 集电集控 应急照明集中电源,XFS
260.5,ZSOE-12-043e484c,应急荧光灯,安赛瑞 20360 应急荧光棒,XFS
260.5,ZSOE-12-6aea51c6,纸绝缘电缆,宝合 双色绝缘电缆钳剪,XFS
260.5,ZSOE-12-2d58e7e4,逆流继电器,施耐德Schneider电子过流继电器 LR9系列,XFS
260.5,ZSOE-12-ebcad306,阀式避雷器,国电巨龙 中星GDZX 手持式避雷器放电计数器检测仪,XFS
260.5,ZSOE-12-ce11bd4e,降压变压器,正泰 CHNT 自耦减压变压器QZB-J型,XFS
260.5,ZSOE-12-38652568,高压配电柜,高压配电室安全用品,XFS
260.5,ZSOE-12-1b7c3978,高频变压器,[配件]东升 对焊机工频变压器,XFS
260.5,ZSOE-13-0d07a418,柱式散热器,绿巨能 LJN-SRQV13 风式散热器电脑支架,XFS
260.5,ZSOE-13-04ecd650,水气分离器,美筑 AFC2000油气分离器,XFS
260.5,ZSOE-13-92b5a9e7,版式散热器,绿巨能 LJN-SRQV13 风式散热器电脑支架,XFS
260.5,ZSOE-13-79d7a193,超压安全阀,鑫矿液压安全阀 P=35MPa,XFS
262.0,ZSOE-12-e15b0297,感光探测器,汇睿光电 短波红外光探测器,XFS
262.0,ZSOE-12-749a9929,感压探测器,胜利仪器 VICTOR高电压探测器绝缘杆,XFS
262.0,ZSOE-12-1b9044f2,感应电动机,飞科 FT7205 宝石蓝充电式软毛智能感应电动牙刷,XFS
262.0,ZSOE-12-3a37c856,编辑控制器,赫力斯 PLC可编程逻辑控制器,XFS
262.0,ZSOE-11-e30c2991,钢制法兰盘,钢制法兰,XFS
262.0,ZSOE-10-118438bb,平头螺丝刀,钢盾 双色柄十字头螺丝刀,XFS
262.0,ZSOE-10-1ba92c02,推拉门滑轮,冰禹 BYC-64 衣柜移门滑轮,XFS
262.0,ZSOE-10-89db0815,直钉枪枪钉,[配件]雷力 直钉枪枪针,XFS
262.0,ZSOE-09-af1c2e52,透明玻璃砖,3M 600scotch百格油墨附着力检胶带,XFS
262.0,ZSOE-12-77baa84f,多相电度表,利百加 电子单相电度表,XFS
262.0,ZSOE-12-40349428,多隙避雷器,北熔电气 坐式间隙避雷器,XFS
262.0,ZSOE-12-6dde47ab,容式镇流器,欧司朗OSRAM 漏磁式镇流器JLZ1000,XFS
262.0,ZSOE-12-859c5588,氯气探测器,格林通 氢气探测器,XFS
262.0,ZSOE-12-1c4442ee,漏电继电器,AHKBDQ 光电继电器,XFS
262.0,ZSOE-12-7979a0b1,电缆接线头,上海联立矿用隔爆型低压电缆接线盒,XFS
262.0,ZSOE-12-29f24ae1,瞬动继电器,合力 起动继电器,XFS
262.0,ZSOE-12-8b478ec1,角式避雷器,国电巨龙 中星GDZX 手持式避雷器放电计数器检测仪,XFS
262.0,ZSOE-12-df07c7a5,高压互感器,正泰 电压互感器,XFS
262.0,ZSOE-12-112ffb42,高压接触器,正泰 CHNT 节能线圈,XFS
262.0,ZSOE-13-fb275389,中级过滤器,裕豪 三级过滤器,XFS
262.0,ZSOE-13-7e7684ba,压力调节器,亚德客 GR调压阀,XFS
262.0,ZSOE-08-fc6e8068,立式打夯机,神牛 380V蛙式打夯机,XFS
262.0,ZSOE-13-4d20b33e,风量调节器,FESTO 气量调节器,XFS
263.7,ZSOE-11-668de8f4,PPR热熔器,神牛 700W数显型PPR热熔器,XFS
263.8,ZSOE-13-241a7ce4,初级过滤器,裕豪 三级过滤器,XFS
264.7,ZSOE-07-fdeb2b97,Plascon屋顶(PVA)（其他颜色）,安赛瑞 11157 驱鸟彩带10卷装,XFS
264.7,ZSOE-11-37602b33,HDPE化粪池,海井 HDPE化粪池,XFS
266.0,ZSOE-08-f74fcf12,钢筋连接机,冷挤压钢筋套筒 GB,XFS
266.5,ZSOE-12-9a783ef6,点动开关，微动开关,[配件]东成 吹风机微动开关,XFS
270.1,ZSOE-07-108d16c3,GALAXY两件装环氧地坪带硬化剂（4+1=5L）,赛飞斯 防腐水性环氧地坪漆,XFS
270.1,ZSOE-07-f33140a6,GALAXY环氧铬酸锌底漆加硬化剂(4+1+1=6L),一力 环氧磷酸锌底漆,XFS
270.6,ZSOE-07-0d35a77d,CORAL乙烯基丝绸/哑光粉彩内墙涂料,立邦 内墙全能抗碱底漆18L,XFS
271.7,ZSOE-07-2f3424cd,GALAXYETCH底漆2K带固化剂和稀释剂(4+1+1=6L),艾路德 阻燃耐磨自流平,XFS
273.1,ZSOE-07-09f5b81f,CORAL乙烯基丝/哑光透明内墙涂料,立邦 内墙全能抗碱底漆18L,XFS
273.2,ZSOE-03-815e36ef,H型钢,不锈钢H型钢,XFS
273.2,ZSOE-10-d9f3fafb,AB胶,石大爷 石材干挂AB胶,XFS
274.2,ZSOE-11-41192eb5,PPR管,志新博弈 PPR管,XFS
274.2,ZSOE-11-0fc1017c,PVC管,威克士 WU401 往复锯,XFS
274.7,ZSOE-07-cbbdfef8,Plascon墙布内墙涂料（通用亚克力）,立邦 纯态之家通用抗碱内墙底漆,XFS
275.2,ZSOE-11-8bd84549,PPR三通,巨泉 9551巨州PPR三通阀,XFS
275.2,ZSOE-11-eb28f896,PPR变径,志新博弈 PPR变径,XFS
275.2,ZSOE-11-9b1a4718,PPR四通,川路 PPR四通,XFS
275.2,ZSOE-11-8ca7e67d,PPR直接,维斯顿 PPR直接,XFS
275.2,ZSOE-11-aa77dee3,PVC三通,美筑 pvc三通,XFS
275.2,ZSOE-11-5f07351a,PVC变径,天科 PVC变径,XFS
275.2,ZSOE-11-0e08cca9,PVC四通,联塑 PVC四通 手工焊接,XFS
275.2,ZSOE-11-4c23c9bb,PVC补芯,宏信 PVC偏心异径管接 补芯,XFS
275.2,ZSOE-11-256fa4cc,PVC直接,美筑 PVC直接,XFS
275.5,ZSOE-07-b663d0f0,CORAL乙烯基丝/哑光深内墙涂料,立邦 内墙全能抗碱底漆18L,XFS
276.3,ZSOE-11-f2c0f2f5,HDPE90°内丝弯头,红枫 PB内丝弯头,XFS
276.3,ZSOE-11-970cca7d,HDPE90°外丝弯头,津达 PVC-C消防管内牙弯头 铜,XFS
276.3,ZSOE-11-53aa7cc6,HDPE内丝接头,鸿源润通 内丝接头,XFS
276.3,ZSOE-11-68e792a9,HDPE外丝接头,DOKKO 不锈钢外丝接头卡盘,XFS
276.3,ZSOE-11-c6b9ead3,PVC内丝接头,鸿源润通 内丝接头,XFS
276.3,ZSOE-11-03bd72d6,PVC外丝接头,DOKKO 不锈钢外丝接头卡盘,XFS
278.9,ZSOE-13-56472b84,风冷热泵冷水机组,吉荣 风冷热泵型空调机,XFS
278.9,ZSOE-07-77aaaa4f,GALAXY通用底漆,立邦 外墙通用底漆,XFS
278.9,ZSOE-07-665439da,Plascon渗透底漆,嘉宝莉 AF106 水性外墙渗透底漆,XFS
278.9,ZSOE-11-ef4eaadc,HDPE内丝三通,空压机 配件,XFS
278.9,ZSOE-11-683b1efb,HDPE外丝三通,联塑 PB给水铜外丝三通 灰色,XFS
280.5,ZSOE-07-5176987b,Plascon环氧底漆固化剂,双虎 环氧底漆,XFS
281.5,ZSOE-11-11e34828,法兰螺旋碳钢管,力王不锈钢带法兰螺旋钢管,XFS
282.3,ZSOE-07-23955238,Plascon防水涂料,东方雨虹 JSA301 聚合物水泥防水涂料,XFS
282.3,ZSOE-11-11f2cacb,球墨承插法兰三通,东宏 PE承插法兰套,XFS
282.3,ZSOE-11-4aa79280,钢制承插法兰三通,东宏 PE承插法兰套,XFS
283.4,ZSOE-07-03a701f6,GALAXY环氧富锌涂料（4+1+1=6L）,三峡 底漆,XFS
285.2,ZSOE-14-04c05827,消防水泵结合器,安赛瑞 20010 消防安全标志牌,XFS
285.2,ZSOE-13-6f1b9d67,尘埃离子计数器,CEM华盛昌 尘埃粒子颗粒物空气质量监测仪,XFS
285.2,ZSOE-13-51452dfc,油润滑式空压机,山西星航 螺杆式空压机冷却液,XFS
286.4,ZSOE-07-adb7e024,Plascon黄色环氧底漆（2件装）,灯塔 H06-2铁红环氧底漆,XFS
287.2,ZSOE-07-e3461d74,PlasconWeatherguard外墙防水涂料,东方雨虹 100彩色通用防水浆料,XFS
287.2,ZSOE-07-927d18f2,环氧树脂底漆HB-黄色,增茂 玻璃钢电力绝缘凳,XFS
288.0,ZSOE-11-21fff2dd,45°镀锌弯头,MDUG 镀锌弯头圆风管,XFS
288.0,ZSOE-11-c6b2526a,90°镀锌弯头,MDUG 镀锌弯头圆风管,XFS
288.8,ZSOE-12-ec29a839,六氟化硫断路器,保时安 BTYMQ-BX403 泵吸式六氟化硫检测仪,XFS
289.0,ZSOE-10-2576b573,白色安全平网,大润 矿用阻燃塑料护帮网,XFS
291.0,ZSOE-11-682fc676,90°镀锌外丝弯头,建支 玛钢国标内外丝弯头,XFS
291.0,ZSOE-11-77542ee4,球墨承插弯头,金达隆铸业 球墨管件45°承插弯头,XFS
292.0,ZSOE-14-9a9f0e29,手提式灭火器,安赛瑞 小型可手提锁具箱,XFS
292.0,ZSOE-11-d670dc49,镀锌外丝三通,建支 玛钢热异径内外丝三通,XFS
292.0,ZSOE-12-8dabaa24,单相二极插头,西野 王中王单相二极旋转可拆插头,XFS
292.0,ZSOE-13-79312d12,风冷式干燥机,格南登福 冷冻式干燥机GD3120VNR-A,XFS
298.6,ZSOE-10-377fa4d4,壁纸美工刀片,宝工 CP-376E专用刀片,XFS
298.6,ZSOE-12-74b9e933,低压配电装置,ABB 框架断路器附件Time,XFS
298.6,ZSOE-12-f55c60b5,高压负荷开关,施耐德 塑壳负荷开关NSX630NA,XFS
301.0,ZSOE-13-296c4b73,厨房排风机,池辉风机 厨房排风系统,XFS
302.5,ZSOE-10-825d83e0,塑料膨胀栓,海斯迪克 gncl-6 小黄鱼塑料膨胀管,XFS
304.3,ZSOE-13-b85c7246,静电除尘器,涤纶防 静电除尘布袋,XFS
305.0,ZSOE-03-505859a0,槽钢,槽钢,XFS
305.6,ZSOE-07-18d54883,GALAXYSUPERLUX乙烯基丝绸低光泽/哑光内墙涂料,立邦 内墙全能抗碱底漆18L,XFS
305.6,ZSOE-12-53f2fa0b,分级转换开关,施耐德Schneider 选择开关XB2B系列,XFS
306.0,ZSOE-12-b60442e1,吸顶灯,吸顶灯,XFS
308.2,ZSOE-12-6902ea79,低压配电屏,ABB 塑壳断路器附件XT4,XFS
308.3,ZSOE-10-931a6bfc,线坠,线坠,XFS
309.3,ZSOE-07-7f59919d,紫罗兰,紫罗兰,XFS
309.3,ZSOE-10-65675e0d,手电筒,手电筒,XFS
312.2,ZSOE-07-c2617e59,GALAXY环氧树脂SLF2000地坪涂料[基料5KG+硬化剂2.75KG+彩包0.35+二氧化硅9KG}=17.1KG,一力 水性环氧树脂地坪漆,XFS
315.0,ZSOE-10-6f067b3a,铁锹,铁锹,XFS
315.0,ZSOE-02-55f7c29a,水泥,水泥,XFS
316.0,ZSOE-01-b915fcd6,螺纹钢,螺纹钢,XFS
316.0,ZSOE-13-04bd0c61,过滤器,过滤器,XFS
322.1,ZSOE-07-3aed8943,GALAXY环氧树脂RLN地坪涂料[BASE4LTR+2LTR硬化剂],一力 水性环氧树脂地坪漆,XFS
332.6,ZSOE-13-1e602102,单层百叶窗口,美筑 配电柜百叶窗,XFS
334.6,ZSOE-07-69b2e5d4,GALAXYHEAT-耐高温铝200°C,联塑 耐高温铝塑冷热水给水管 白色,XFS
344.1,ZSOE-07-54f61345,亚克力饰面2K-仅适用于所有色调/调色剂,鑫鼎 垃圾桶配件,XFS
346.7,ZSOE-12-fd214e75,低压熔断器,POWINT 低压熔断式隔离开关,XFS
346.7,ZSOE-12-04275d69,手动报警器,海斯迪克PVC夜光标识牌贴纸 报警按钮安全指示牌,XFS
346.7,ZSOE-12-394421f7,起动控制箱,德力西DELIXI 正反转控制器/远程遥控正反转控制箱CDZFK-18,XFS
347.2,ZSOE-07-044826e1,GALAXY环氧树脂地板密封剂[基础4LTR+硬化剂1LTR+稀释剂1LTR],AIHT 高温密封剂,XFS
347.8,ZSOE-11-2d3042fa,PPR90°内丝弯头,维斯顿 PPR内丝弯头,XFS
347.8,ZSOE-11-b2238a39,PPR90°外丝弯头,欧雷克 PPR外丝弯头,XFS
347.8,ZSOE-11-4021b88d,PVC90°内丝弯头,联塑 PVC-U给水铜内牙弯头,XFS
347.8,ZSOE-11-15b3a90e,PVC90°外丝弯头,津达 PVC-C消防管内牙弯头 铜,XFS
349.0,ZSOE-07-891b453a,GALAXY2K聚氨酯防滑地板涂料(4+1+1=6L),鸣固 中帮防寒加绒保暖劳保鞋,XFS
350.3,ZSOE-05-9e761d5d,预制混凝土防撞隔离墩,预制混凝土路灯手孔井,XFS
353.2,ZSOE-13-e00c3ba0,高发泡聚氯乙烯管壳,翼淼 特氟龙管,XFS
356.4,ZSOE-07-da72c0f3,GALAXY环氧地坪涂料[基础4LTR+硬化剂1LTR+稀释剂1LTR],齐鲁 水性环氧地坪漆,XFS
356.4,ZSOE-14-15d74ddb,室内消火栓给水泵,玉捷 减压稳压型 室内消火栓,XFS
356.9,ZSOE-14-b904822a,压杆式室外消火栓,安赛瑞 11189 室外消火栓保护罩,XFS
356.9,ZSOE-12-12515ad6,手车式高压开关柜,国电中星高压开关柜安规综合检测装置,XFS
357.6,ZSOE-12-88e918fb,固定式低压配电屏,菲尼克斯 FBI 固定式桥接件,XFS
357.6,ZSOE-12-42be5d39,抽屉式低压配电屏,正泰 CHNT 框架断路器 NH1-1000-1000,XFS
357.6,ZSOE-13-2783a1d7,离心式油水分离器,垒固 油水分离器,XFS
358.3,ZSOE-05-311e134b,混凝土预制拼装房,巧贝力 混凝土预制结构拼接胶,XFS
360.1,ZSOE-07-ac047b83,标准稀释剂T-101/清漆稀释剂,华谊 聚氨酯清漆稀释剂,XFS
361.4,ZSOE-12-b70fd78b,数字电话交换机,普联（TP-LINK） 交换机,XFS
361.4,ZSOE-10-b2f141a4,硅酮耐候结构胶,三和 中性耐候结构胶,XFS
361.9,ZSOE-13-bf2fe35f,分体壁挂式空调,格力 壁挂空调,XFS
362.6,ZSOE-11-c3cf3cea,自锚球墨铸铁管,防滑卡箍,XFS
362.6,ZSOE-13-e54f8d9c,离心玻璃棉管壳,铝箔超细玻璃棉管壳,XFS
363.5,ZSOE-13-8dd749f0,重型蒸汽发生器,蒸汽发生器含蒸汽管,XFS
363.5,ZSOE-12-49936d75,电动机控制中心,德力西DELIXI 3开3闭控制与保护开关电器,XFS
364.4,ZSOE-12-9bb420de,火警接线端子箱,海湾 接线端子箱,XFS
364.4,ZSOE-16-cfc2e059,脚手架旋转扣件,高铁建 英式旋转扣件,XFS
364.4,ZSOE-12-d574b426,自动功率调整器,雷久 功率调整器,XFS
364.4,ZSOE-12-7142ed68,高压真空接触器,德力西DELIXI 真空交流接触器CKJ5-400,XFS
364.4,ZSOE-05-133255d6,预制混凝土涵管,预制混凝土路灯手孔井,XFS
370.7,ZSOE-13-e665f152,壁式轴流风机,永春鸿信 管道式轴流风机,XFS
373.2,ZSOE-12-bfb00e45,过电流继电器,人民电器 JL14 电流继电器,XFS
373.2,ZSOE-13-aea8bc71,超声波加湿器,多乐信 超声波加湿DRS-18A,XFS
374.7,ZSOE-13-aa542610,活塞式压缩机,虎牌 空压机专用润滑油,XFS
375.7,ZSOE-13-96cd35b9,冷却水泵,自川密 溴冷机冷却水泵机封,XFS
376.0,ZSOE-12-2d7d755c,高压钠灯,亚明 直管球泡 高压钠灯,XFS
376.0,ZSOE-12-2ed920d8,三联开关,鸿雁 X4系列三联开关墙壁开关,XFS
376.0,ZSOE-12-440540ee,双联开关,鸿雁 X4系列双联开关墙壁开关,XFS
376.0,ZSOE-13-c86a29a3,地源热泵,亚太地源热泵 134A,XFS
376.0,ZSOE-13-2eab8019,风冷热泵,吉荣 风冷热泵型空调机,XFS
378.7,ZSOE-10-ca381706,双面胶带,晶华 红膜高粘PE泡沫泡棉双面胶带,XFS
378.7,ZSOE-10-6bdddce7,水钻钻头,[配件]东成 经济型金刚石工程薄壁水钻钻头,XFS
378.7,ZSOE-13-a86e19d3,自来水管,安赛瑞 13873 请勿开挖地埋警示带,XFS
378.7,ZSOE-11-0ae1c0ec,潜水电泵,利欧 小型220V潜水电泵,XFS
378.7,ZSOE-11-fdf56769,铸铁地漏,联铸 AW型地漏,XFS
378.7,ZSOE-09-a009829d,石英玻璃,沪工 石英玻璃烧杯,XFS
378.7,ZSOE-10-2f7cfd9e,剥线钳子,赫力斯 磨齿剥线钳子,XFS
378.7,ZSOE-10-82651d09,反光背心,添盾 反光背心,XFS
378.7,ZSOE-10-a2697d59,自攻螺丝,[配件]东成 吹风机十字槽盘头自攻螺丝,XFS
378.7,ZSOE-10-b4d8bfc8,警示三角,安赛瑞 330049 汽车多功能三角架警示牌,XFS
378.7,ZSOE-10-f300070e,麻花钻头,欧雷克 断丝取出器,XFS
378.7,ZSOE-12-9dfb7654,单控开关,西门子 SIEMENS 三孔插座带一位单控开关皓睿系列10A,XFS
378.7,ZSOE-12-7c197855,单芯电缆,3M 35kV冷缩户内/外单芯电缆终端,XFS
378.7,ZSOE-12-2cfb5071,双控开关,正泰 NEW2S系列二位双控开关,XFS
378.7,ZSOE-12-b63bc98d,声光报警,澳波泰克 PS-Y 人体静电释放器,XFS
378.7,ZSOE-12-bd3772c0,紫外线灯,恢宏 LEDT5紫外线灯管含灯座电源插头,XFS
378.7,ZSOE-12-cf075b5b,铜芯电缆,乐光 绝缘软线 100米/卷 单位：卷,XFS
378.7,ZSOE-12-0acda7a0,防爆开关,浙冠荣 三位单控防爆面板开关,XFS
378.7,ZSOE-13-66a33717,中央空调,鑫永兴 黑色9501 密封条,XFS
378.7,ZSOE-13-c7c9cc9b,电热水器,美筑 电热水器泄压阀,XFS
378.7,ZSOE-13-d1ac377f,离心风机,绿岛风 11-62多翼式离心风机 左旋/右旋 3A,XFS
379.0,ZSOE-15-09d95377,钢制书架,企诺 QNGMA1-02-5BW钢制书架,XFS
379.0,ZSOE-10-7dd0b9bd,木工凿子,巴可Baco 木工凿子组套,XFS
381.4,ZSOE-07-ef4a2be1,GALAXY磷酸锌底漆,一力 环氧磷酸锌底漆,XFS
381.4,ZSOE-07-ce89183f,Plascon磷酸锌底漆,一力 环氧磷酸锌底漆,XFS
382.0,ZSOE-08-78e66e9a,冲击扳手,大印工具 风炮,XFS
382.0,ZSOE-10-c2780d8d,尖头錾子,百塔Beta 尖头錾子,XFS
382.0,ZSOE-10-632196b0,木工铅笔,长城润滑 555 木工铅笔,XFS
382.0,ZSOE-10-89b85b44,透明胶带,冰禹 防静电透明胶带,XFS
382.0,ZSOE-15-14f7f4b1,塑料凳子,时通 塑料凳子,XFS
382.0,ZSOE-12-8bf5df53,万用电表,正泰 指针式万用电表MF47型,XFS
382.0,ZSOE-12-9e29cda6,拉线开关,西野 拉线开关,XFS
382.0,ZSOE-13-0f681129,二氧化碳,安赛瑞 15338 二氧化碳化工管路标贴,XFS
382.0,ZSOE-13-ec233169,地脚螺栓,工字钢预埋件方型卡心距150mm,XFS
382.0,ZSOE-13-dd91fa6e,玻璃纤维,友盟 玻璃纤维焊毯,XFS
382.0,ZSOE-11-c27ce640,机械水表,积成 液封式机械水表立式,XFS
382.0,ZSOE-11-e53c972f,镀锌三通,MDUG 镀锌三通圆风管,XFS
382.0,ZSOE-11-b9104ca2,镀锌补芯,HCDDWRV 镀锌补芯,XFS
382.0,ZSOE-03-c085186b,防滑钢板,美筑 防滑钢板,XFS
382.0,ZSOE-12-4c7fb14f,低压电缆,上海联立矿用隔爆型低压电缆接线盒,XFS
382.0,ZSOE-12-f05c2c57,同轴电缆,亨鑫科技 射频同轴电缆,XFS
382.0,ZSOE-12-f4e5cea1,屏蔽电缆,起帆 拖链屏蔽电缆TRVVP,XFS
382.0,ZSOE-12-0ad548f0,控制电缆,沪工 三相逆变式气体保护焊机（含送丝机）4,XFS
382.0,ZSOE-12-13b31137,电力电缆,泰力 液压超薄千斤顶,XFS
382.0,ZSOE-12-c7376a3a,电缆桥架,镀锌桥架托臂,XFS
382.0,ZSOE-12-bd0c4dc2,绝缘电缆,宝合 双色绝缘电缆钳剪,XFS
382.0,ZSOE-12-a4d25c70,行程开关,[配件]矿源 天车行程开关带重铁,XFS
382.0,ZSOE-12-554eb40c,通信电缆,鹰联光电 OPGW光纤复合架空光缆1000米,XFS
382.0,ZSOE-11-9ce74366,镀锌钢管,臻远 镀锌钢管 金属衣帽架,XFS
382.0,ZSOE-13-cc16e4dd,压缩空气,玖盾安科 JD-CQ100B 高压呼吸空气压缩机,XFS
382.0,ZSOE-13-4bacc6b5,风机盘管,何氏金牛 深波不锈钢空调波纹管 铜头,XFS
382.0,ZSOE-09-d77cb021,钢化玻璃,安赛瑞 700967 防暴安全柜,XFS
382.0,ZSOE-10-359743c1,帆布手套,赫力斯 加皮全衬帆布手套,XFS
382.0,ZSOE-10-e9b6859c,活动扳手,宝合 注塑型双色绝缘活动扳手,XFS
382.0,ZSOE-10-01102b57,绝缘手套,诚格C&G 4HV高温隔热手套MirPro-GLV-580 银色,XFS
382.0,ZSOE-10-ac1fd7b3,镀锌铁丝,海斯迪克 HKqy-7 工业用镀锌铁丝,XFS
382.0,ZSOE-10-1016e539,防尘口罩,保为康 3006 白色活性炭纱布防尘口罩,XFS
382.0,ZSOE-17-07939161,活动板房,通道箱 含幕墙,XFS
382.0,ZSOE-10-ca665c1a,开口扳手,卡尔/KAER 浸塑绝缘开口扳手,XFS
382.0,ZSOE-10-58f1f5c9,弹簧合页,瑞心华 不锈钢弹簧合页,XFS
382.0,ZSOE-10-f3398332,电工胶带,卡夫威尔 P3893A 手电钻工具套装,XFS
382.0,ZSOE-10-d77cb021,钢化玻璃,安赛瑞 700967 防暴安全柜,XFS
382.0,ZSOE-09-29fe9dac,地面瓷砖,美巢 占瓷宝ZCB100TY 陶瓷砖 地面通用胶粘剂,XFS
382.0,ZSOE-09-1d010ac2,墙面瓷砖,东方雨虹 双组份瓷丽彩美缝剂,XFS
382.0,ZSOE-09-bfdcff6d,磨砂玻璃,若翱 磨砂玻璃贴膜,XFS
382.0,ZSOE-12-e99d54d1,三相插头,海鹰电器 三相插头,XFS
382.0,ZSOE-12-656e9757,信号电缆,怡合达 柔性拖链信号电缆,XFS
382.0,ZSOE-12-f9d43be7,单联开关,公牛 单联开关,XFS
382.0,ZSOE-12-f9569a99,压力开关,亚德客 压力开关,XFS
382.0,ZSOE-12-2947bb51,地下电缆,水泥标志桩 地下电缆严禁开挖+定制logo,XFS
382.0,ZSOE-12-0da27f03,护套电缆,德力西 护套电缆,XFS
382.0,ZSOE-12-cb1f8c73,接地螺栓,西门子 SIEMENS 接地螺栓,XFS
382.0,ZSOE-12-d0c9ac80,插接装置,华荣 防爆插接装置,XFS
382.0,ZSOE-12-0c048791,环氧树脂,蓝夫 F-16030壁挂急救箱,XFS
382.0,ZSOE-12-dd91fa6e,玻璃纤维,友盟 玻璃纤维焊毯,XFS
382.0,ZSOE-12-730a8fe2,电缆接头,西门子 SIEMENS 电缆接头6FX系列,XFS
382.0,ZSOE-12-24dd476f,白炽灯泡,正安防爆 正光干涉式甲烷测定器 白炽灯泡光源,XFS
382.0,ZSOE-12-0cae5693,组合开关,杭叉 叉车灯光组合开关,XFS
382.0,ZSOE-12-5d422af9,螺口灯头,公牛 螺口灯头,XFS
382.0,ZSOE-12-42d786e6,跷板开关,[配件]东成 磁力钻跷板开关,XFS
382.0,ZSOE-12-c4066d61,输电线路,诺仕华科技异频输电线路参数测试仪,XFS
382.0,ZSOE-12-6c7bf464,通讯电缆,液化气喷火枪,XFS
382.0,ZSOE-12-55bf4cba,铠装电缆,环沪 分体式电缆切刀HHD-135F,XFS
382.0,ZSOE-12-112fcf1a,高压电器,正泰 熔断器式隔离开关,XFS
382.0,ZSOE-12-8ca473df,高压电缆,正泰 高压电缆,XFS
382.0,ZSOE-15-19a99129,抽油烟机,方太 EMC2A 抽油烟机,XFS
382.0,ZSOE-03-9ce74366,镀锌钢管,臻远 镀锌钢管 金属衣帽架,XFS
382.0,ZSOE-13-09a20bb8,压力容器,冰禹 BYP-266安全风险警示牌,XFS
382.0,ZSOE-11-139aedfc,马桶水箱,潜水艇 马桶水箱进水阀,XFS
382.0,ZSOE-13-82fed2b1,柔性接头,铂海 沟槽衬塑柔性接头,XFS
382.0,ZSOE-13-83d7e926,油冷却器,胜京SJ 油冷却器,XFS
382.0,ZSOE-13-9172545d,电除尘器,威克士（WORX） WU094 锂电除尘鼓风机,XFS
383.4,ZSOE-07-1e59f2e3,GALAXY铁锈转换剂,海创铁锈转换剂,XFS
386.3,ZSOE-15-d280f28a,台式电脑,联想 台式电脑 含有线键鼠,XFS
386.3,ZSOE-12-d8abfbc3,电话分机,青鸟 消防电话分机,XFS
386.3,ZSOE-13-dd18950e,一氧化碳,东安 TZL-30A 逃生面具3c认证,XFS
386.3,ZSOE-03-4cd11454,钢筋网片,京固 镀锌钢筋网片,XFS
386.3,ZSOE-09-3f5a638e,烤漆挂件,龙骨配件 反烤漆挂件,XFS
386.3,ZSOE-12-a0d87e9f,微动开关,[配件]东成 吹风机微动开关,XFS
386.3,ZSOE-12-afbce518,聚苯乙烯,安赛瑞 EA100039 聚苯乙烯反光 管道标识贴,XFS
387.8,ZSOE-12-41ce7eb7,智能型离子感烟探测器,诺蒂菲尔 智能光电感烟探测器,XFS
392.0,ZSOE-09-da0dc76c,铝合金窗,ASSAABLOY国强 铝合金窗用撑挡,XFS
392.0,ZSOE-09-6e821b4e,铝合金门,建筑原子锁,XFS
395.7,ZSOE-13-9978ba5e,无油式螺杆空压机,格南登福 管空气压缩机无油涡旋式ENVS2系列,XFS
397.2,ZSOE-12-5c42d46c,乙烯绝缘软性电缆,德力西电气 铜芯聚氯乙烯绝缘软线,XFS
402.1,ZSOE-13-d8c26df4,高效空气过滤器,哈曼达 空气过滤器,XFS
402.7,ZSOE-10-f05dfdf0,膨胀性聚苯乙烯泡沫板,聚苯板,XFS
403.0,ZSOE-11-448982a0,法兰球墨铸铁管,泫氏 球墨管件法兰盘 25KG,XFS
404.1,ZSOE-05-5b83f41b,预制混凝土井盖,预制混凝土给水阀门井盖板,XFS
404.1,ZSOE-05-dd668dc0,预制混凝土盖板,预制混凝土给水阀门井盖板,XFS
404.6,ZSOE-11-241ff38a,承插球墨铸铁管,鑫丰 球墨管件全承四通 T型,XFS
413.8,ZSOE-12-75e29734,三相四极插座,正泰 三相四极插头插座,XFS
416.3,ZSOE-07-98d6e436,GGALAXY道路标线漆(SB),赢美至 道路标线漆,XFS
418.0,ZSOE-07-9737b6d0,Plascon聚氨酯清漆（光泽）,宝塔山漆 聚氨酯清漆,XFS
418.0,ZSOE-07-663d62b2,Plascon聚氨酯清漆（哑光）,宝塔山漆 聚氨酯清漆,XFS
419.4,ZSOE-17-c61552bb,塑料垃圾桶-圆柱桶,沪工 塑料垃圾桶,XFS
419.9,ZSOE-07-6590dba6,2K环氧稀释剂T-106,卫蓝科威 环氧稀释剂,XFS
425.1,ZSOE-07-133f7997,GALAXY环氧固化剂,鑫朝扬 环氧固化剂,XFS
425.1,ZSOE-07-4729e0e4,GALAXY环氧稀释剂-206,卫蓝科威 环氧稀释剂,XFS
425.1,ZSOE-12-b405a13e,柴油发电机（组）,常发 单缸柴油发电机,XFS
427.8,ZSOE-12-fc4f5fa7,聚氯乙烯,康科健 9寸一次性PVC手套,XFS
437.5,ZSOE-12-81007de9,负荷开关,施耐德 塑壳负荷开关NSX630NA,XFS
439.3,ZSOE-07-bbc6871a,Plascon道路标线漆（白/黄/黑/红）,跃龙 道路标线漆,XFS
441.4,ZSOE-17-7ebe3494,塑料垃圾桶-长方体桶,白云 长方形垃圾桶 其他垃圾 AF07328,XFS
444.8,ZSOE-11-3d032978,PPR内丝接头,维斯顿 PPR内丝接头,XFS
444.8,ZSOE-11-c7c3d0f7,PPR外丝接头,维斯顿 PPR外丝接头,XFS
450.8,ZSOE-11-a2d2827b,PPR内丝三通,万方 PPR内丝三通 白色,XFS
450.8,ZSOE-11-5912165a,PPR外丝三通,怡合达 PPR外丝三通,XFS
450.8,ZSOE-11-a976b5b0,PVC内丝三通,津达 PVC-C铜内牙三通,XFS
450.8,ZSOE-11-83536e9f,PVC外丝三通,津达 PVC-C消防管内牙三通 铜,XFS
452.7,ZSOE-07-f5c91465,Plascon聚氨酯清漆2件装（光泽）,宝塔山漆 聚氨酯清漆,XFS
452.7,ZSOE-07-2916d147,Plascon聚氨酯清漆2件装（哑光）,宝塔山漆 聚氨酯清漆,XFS
468.3,ZSOE-13-3c547712,单极多旋片式真空泵,MDUG 双级旋片式真空泵,XFS
474.1,ZSOE-16-42970cbf,轮扣式脚手架横杆,安赛瑞 200826 脚手架,XFS
474.1,ZSOE-16-e99341be,轮扣式脚手架立杆,安赛瑞 200826 脚手架,XFS
475.1,ZSOE-05-65b3c280,预制混凝土检查井,预制混凝土调井筒,XFS
478.0,ZSOE-10-f07c7b3e,明装闭门器,GMT DC161定位明装闭门器,XFS
478.0,ZSOE-12-4f39c6d1,三相电度表,正泰 DTS634电子式三相电度表,XFS
478.0,ZSOE-12-caa11517,单相电度表,利百加 电子单相电度表,XFS
479.7,ZSOE-08-4dfbbf92,金属切割锯,博世 马刀锯条 金属切割锯条,XFS
479.7,ZSOE-15-840ac154,实木办公桌,企诺 实木办公桌书桌橡木写字桌桌椅书桌,XFS
481.0,ZSOE-12-c5c54088,电磁起动器,电光 矿用隔爆兼本质安全型真空电磁起动器,XFS
481.0,ZSOE-12-d0e68cda,电缆分线箱,荣欣 矿用增安型电缆分线箱,XFS
481.7,ZSOE-12-6318c66b,高压断路器,国电巨龙 中星GDZX 高压断路器时间校准装置,XFS
481.7,ZSOE-13-759ac1b0,板式换热器,捷丰流体 NBR丁腈橡胶板式换热器密封胶条,XFS
484.0,ZSOE-17-8c9e6683,安全指示牌,海斯迪克PVC夜光标识牌贴纸 报警按钮安全指示牌,XFS
484.0,ZSOE-12-6043548e,串联电抗器,德力西DELIXI 单相串联电抗器 CKDG,XFS
484.0,ZSOE-12-28fa2933,垂直接地极,雷克石 锌覆钢接地棒垂直接地极,XFS
484.0,ZSOE-12-5c30b13c,干式变压器,力得 干式变压器温度控制器,XFS
484.0,ZSOE-12-483e293f,照明配电箱,正泰 PZ30-10回路塑料面板,XFS
484.0,ZSOE-12-70bdda21,高压开关柜,国电中星高压开关柜安规综合检测装置,XFS
486.7,ZSOE-14-e7fde7f3,温度调节器,亚速旺 高精度数字温度调节器,XFS
486.7,ZSOE-11-e7fde7f3,温度调节器,亚速旺 高精度数字温度调节器,XFS
487.5,ZSOE-07-5991014f,GALAXY氯化橡胶底漆,双虎 铁红氯化橡胶底漆,XFS
493.2,ZSOE-07-b008d592,Plascon聚氨酯清漆2件装（固化剂）,宝塔山漆 聚氨酯清漆,XFS
493.8,ZSOE-13-350d4ad4,活塞式无油润滑空气压缩机,虎牌 空压机专用润滑油,XFS
497.3,ZSOE-12-6f4985c4,自动空气式星三角起动器,正泰 星三角起动器,XFS
498.4,ZSOE-10-f9d8ecfb,手动发电机电源转换开关,德力西DELIXI 分体式双电源自动转换开关HB-800M4,XFS
498.7,ZSOE-11-f8ae176c,球墨井盖,球墨井盖,XFS
501.7,ZSOE-12-8dc82875,低压无功功率补偿装置,正泰 ZT系列 智能型低压无功功率自动补偿控制器,XFS
502.0,ZSOE-13-a1a214e1,油过滤器,油过滤器,XFS
520.8,ZSOE-12-ca7d49f5,程控交换机,戴尔 PowerScale H700磁盘阵列,XFS
521.6,ZSOE-12-ac7c3804,聚氯乙烯绝缘电缆,津达线缆 柔性矿物绝缘防火电力电缆,XFS
521.6,ZSOE-13-8bd0709d,弹簧安全阀,乔立 弹簧安全阀,XFS
521.6,ZSOE-13-674fdc02,热水循环泵,钱涛 热水循环泵,XFS
521.6,ZSOE-13-e9cb521f,自动排气阀,鼎精 自动排气阀,XFS
523.3,ZSOE-12-65248387,磁力起动器,正泰 磁力起动器,XFS
523.8,ZSOE-10-70c8eae8,木工开孔器,东成 木工开孔器,XFS
523.8,ZSOE-10-8b2eb631,瓷砖开孔器,博世 升级款六角柄硬质合金瓷砖钻头,XFS
523.8,ZSOE-15-74f575c0,钢制文件柜,悦山 钢制文件柜,XFS
523.8,ZSOE-13-3f0a1ec5,液化石油气,达柏林 DL3055黄铜慢开角阀,XFS
523.8,ZSOE-14-65da9c5c,室外消火栓,三辉 室外地下消火栓 含弯头 小号,XFS
523.8,ZSOE-11-38a38e6a,水位传感器,咸亨电气 水位传感器,XFS
523.8,ZSOE-14-a65e3b64,室内消火栓,玉捷 减压稳压型 室内消火栓,XFS
523.8,ZSOE-10-1d6abc63,砂轮切割片,德力西 交流角磨机磨片砂轮切割片,XFS
523.8,ZSOE-12-186e9e96,三相变压器,北熔电气 避雷器,XFS
523.8,ZSOE-12-1933f06a,功率因数表,德力西DELIXI 电流表42L6型,XFS
523.8,ZSOE-12-8c3c81da,应急照明灯,敏华电工 应急照明灯,XFS
523.8,ZSOE-12-c7518970,无功功率表,天正电气 无功功率表6L2-R,XFS
523.8,ZSOE-12-58064c48,有功功率表,天正电气 有功功率表6L2-W,XFS
523.8,ZSOE-12-dc80da6d,真空断路器,诺雅克 中压断路器,XFS
523.8,ZSOE-08-32bb0d04,蛙式打夯机,神牛 380V蛙式打夯机,XFS
523.8,ZSOE-08-a2e21a15,型材切割机,东成 Z1E-FF03-125 石材切割机,XFS
523.8,ZSOE-13-0766c7e3,手动调节阀,闽阀通 手动调节阀,XFS
523.8,ZSOE-13-184f463c,电动三通阀,皇家 暖气三通调节铜阀,XFS
523.8,ZSOE-13-248b94bd,电动二通阀,正立 电动二通阀,XFS
523.8,ZSOE-13-9355c00a,电动控制阀,奥美莱 电动控制阀,XFS
526.3,ZSOE-10-6eaa5221,美纹纸胶带,得力 美纹纸胶带,XFS
526.3,ZSOE-15-161783fb,笔记本电脑,海斯迪克 桌面物品定位标志6S管理标志标签5S定位,XFS
526.3,ZSOE-12-63f6c6f0,感温探测器,青鸟 感温探测器 隔爆型,XFS
526.3,ZSOE-13-34a10d86,空气压缩机,东成 皮带式 空气压缩机,XFS
526.3,ZSOE-13-0d49e052,粒子计数器,优利德 便携式PM2.5检测仪,XFS
526.3,ZSOE-08-c2c1d342,平板振动器,鑫琪 380V平板振动器,XFS
526.3,ZSOE-11-a4fef4d6,挂式小便器,欧泰 OT-105009 挂式小便器,XFS
526.3,ZSOE-11-e0466af6,立式小便器,申鹭达 LD-7504 小便斗,XFS
526.3,ZSOE-12-90800c02,交流接触器,正泰 交流接触器,XFS
526.3,ZSOE-12-6a64c0ea,电流互感器,正泰 CHNT 电流互感器BH-0.66型,XFS
526.3,ZSOE-12-82b3e753,电流继电器,人民电器 JL14 电流继电器,XFS
526.3,ZSOE-13-a623dcff,方形散流器,[配件]喷塑方形散流器,XFS
526.3,ZSOE-13-ef8777a7,精密过滤器,风威 精密过滤器,XFS
526.3,ZSOE-07-5526fb3d,环氧固化剂,鑫朝扬 环氧固化剂,XFS
526.3,ZSOE-08-21ae5011,柴油发电机,常发 单缸柴油发电机,XFS
526.3,ZSOE-14-37460be9,干粉灭火器,绿消 推车式 新国标干粉灭火器,XFS
526.3,ZSOE-10-cc13086f,不锈钢合页,不锈钢蝴蝶合页,XFS
526.3,ZSOE-10-9d209333,十字螺丝刀,百塔Beta 十字螺丝刀,XFS
526.3,ZSOE-10-6e21d8b0,漏电保护器,守护者 SHZ306B移动电缆盘,XFS
526.3,ZSOE-12-8b9710cf,伺服电动机,MINPEAR 伺服电动机,XFS
526.3,ZSOE-12-d5ffdeed,动力配电箱,德力西 动力配电箱,XFS
526.3,ZSOE-12-f5dc4dfa,封闭式开关,欧姆龙 封闭式开关 限位开关,XFS
526.3,ZSOE-12-764e8205,快速熔断器,SHIMANDUN 快速熔断器,XFS
526.3,ZSOE-12-82463a69,感烟探测器,青鸟 感烟探测器 隔爆型,XFS
526.3,ZSOE-12-2c3559e6,控制变压器,正泰 控制变压器,XFS
526.3,ZSOE-12-9abcdb1e,时间继电器,正泰 CHNT 时控开关螺丝式KG316T型AC220V,XFS
526.3,ZSOE-12-e0a4a12b,氢气探测器,格林通 氢气探测器,XFS
526.3,ZSOE-12-72043e94,照明变压器,德力西DELIXI 照明变压器 CDJMB-300VA,XFS
526.3,ZSOE-12-d993d03d,电力变压器,北熔电气 坐式间隙避雷器,XFS
526.3,ZSOE-12-9f9f9058,电压互感器,正泰 电压互感器,XFS
526.3,ZSOE-12-1f7e8892,疏散指示灯,敏华电工 疏散指示灯,XFS
526.3,ZSOE-12-35ad28b8,直流接触器,德力西DELIXI 直流接触器CZ0系列,XFS
526.3,ZSOE-12-19d360ac,高压熔断器,德力西DELIXI 高压熔断器/体XRNP1-24KV,XFS
526.3,ZSOE-13-690b1762,前置过滤器,达柏林 前置过滤器,XFS
526.3,ZSOE-15-3a5ab17a,扫地机器人,科沃斯 K680 家用扫地机器人,XFS
526.3,ZSOE-11-75376ee4,电磁流量计,益都 电磁流量计，铸钢表壳/YDLD,XFS
526.3,ZSOE-13-f8f27433,气动调节阀,鼎精 气动调节阀,XFS
526.3,ZSOE-13-25c44b4a,真空吸尘器,东成 真空吸尘器,XFS
526.3,ZSOE-13-4ed19328,空气净化器,IAM 空气净化器除甲醛细菌,XFS
526.3,ZSOE-13-58894ebe,给水过滤器,联塑 灰色 PVC-U给水Y型过滤器,XFS
528.2,ZSOE-07-5bd2f9f0,GALAXYSUPERLUX防水外墙涂料,威仕丹/WEISHIDAN 防水外墙涂料,XFS
533.0,ZSOE-08-a239584f,钢筋切断机,神牛 经济款钢筋切断机,XFS
533.0,ZSOE-08-6b86f956,钢筋弯曲机,神牛 钢筋弯曲机GW40广元型 经济款,XFS
537.8,ZSOE-12-f73a831c,中间继电器,三菱 过载继电器TH-N220RHKP,XFS
569.7,ZSOE-07-5e4858ec,GALAXY环氧磷酸锌底漆加硬化剂（4+1+1=6L）,一力 环氧磷酸锌底漆,XFS
570.8,ZSOE-11-1bcd77a9,PVC阳台地漏,PVC阳台地漏,XFS
571.5,ZSOE-11-84f48ddb,卧式离心泵,古PUMP水 卧式离心泵,XFS
589.2,ZSOE-10-9898f5f8,电锤冲击钻头,海斯迪克 方柄加长电锤冲击钻头,XFS
592.9,ZSOE-13-b821bfbe,离心式压缩机,昆仑 离心式压缩机油 L-TGSE-32,XFS
592.9,ZSOE-13-985991d1,往复式压缩机,虎牌 空压机专用润滑油,XFS
624.0,ZSOE-12-3cb1a0e4,交联聚乙烯绝缘电缆,远东电缆 柔性矿物绝缘电缆,XFS
627.9,ZSOE-10-81d201ba,金刚石切割片,迈格 金刚石切割片,XFS
629.6,ZSOE-13-5a97c110,亚高效过滤器,赫尔曼 F8亚高效过滤器,XFS
631.5,ZSOE-11-2f054897,不锈钢法兰盘,DOKKO 不锈钢活套法兰,XFS
631.5,ZSOE-12-06c7a5f6,漏电保护开关,[配件]虎王 开孔机漏电保护开关(带线),XFS
631.5,ZSOE-12-42eb332c,金属卤化物灯,飞利浦 金属卤化物灯,XFS
631.5,ZSOE-13-114a542a,压力式温度计,红旗 压力式温度计,XFS
631.5,ZSOE-13-978d63c9,活性炭过滤器,巴可 活性炭过滤器,XFS
633.7,ZSOE-13-91b8090b,冷冻式干燥机,风威 冷冻式干燥机,XFS
633.7,ZSOE-12-dac1ac59,高压隔离开关,德力西DELIXI 高压隔离开关GW9-12,XFS
633.7,ZSOE-13-fa7426a5,法兰式过滤器,赫力斯 法兰式过滤器,XFS
643.8,ZSOE-13-31758d5f,中效过滤器,中效过滤器,XFS
686.8,ZSOE-12-80d22f48,万能转换开关,施耐德Schneider 选择开关XB2B系列,XFS
737.0,ZSOE-13-4a27fb80,岗位式轴流风机,久久 SF岗位式轴流风机5A-4,XFS
842.7,ZSOE-12-5779c48d,塑料外壳式断路器,正泰 4318B 315A DC24V 塑料外壳式断路器,XFS
950.9,ZSOE-13-f4a01642,压缩空气精密过滤器,冰禹 压缩空气精密过滤器,XFS
967.2,ZSOE-10-bb83d49a,聚四氟乙烯生料带,聚四氟乙烯生料带,XFS
,ZSOE-13-a9f1a96a,引风机,High Performance Silicone Air Intake Hose,OKorder
,ZSOE-07-444b1899,DELUXHICOVER-中等色调,Hi-Speed Vacuum Forming Machine,OKorder
,ZSOE-07-6c5de9da,DELUXHICOVER-浅色,Hi-Speed Vacuum Forming Machine,OKorder
,ZSOE-07-1df6e19f,DELUXHICOVER-深色调,Hi-Speed Vacuum Forming Machine,OKorder
,ZSOE-07-6e242ea5,DELUXUNIGUARD-深色调,Somfy Roman Roller Shades Motorized Shades,OKorder
,ZSOE-07-f342ec42,DELUXUNIGUARD-白色、浅色和中色,waterproof roller shades with white blackout,OKorder
,ZSOE-07-8efa4a9d,DELUXWeatherGuard-白色、浅色和中色,waterproof roller shades with white blackout,OKorder
,ZSOE-07-b1e3f824,DELUX超值乳液（30公斤）,Aluminum Super Value Sports Water Bottles,OKorder
,ZSOE-07-cef709e2,FASTAFASTA合成珐琅（干燥30分钟）,Enamel Coffee Pot,OKorder
,ZSOE-07-d0fbbc2b,GALAXY5年木纹漆,Plastic Nets for Coverground with 5-8 Year Guarantee,OKorder
,ZSOE-07-ce148a3d,GALAXYCR泳池漆,Swimming Pool Dehumidifier,OKorder
,ZSOE-07-f8887aaf,Plascon柔印稀释机,"Four Colours High Speed Flexo Printer, Flexographic Printing Machine, Flexo Printing Machine",OKorder
,ZSOE-07-01b0c446,GALAXYAQUASTOP-防水剂,"SMC Sheet- Rock Wool Blanket with Wire Mesh, Water Repellant, Asbestos Free",OKorder
,ZSOE-14-f749faa9,消防皮带,"Fire hose, fire fighting hose,pvc fire hose",OKorder
,ZSOE-10-f82d3092,喷枪管子,Steel Gas Pipe gas Steel Pipe Seamless Steel Gas Pipe,OKorder
,ZSOE-10-62e75a1d,尼龙彩线,Chinese Manufacturer Nylon Rope Fishing Twine,OKorder
,ZSOE-10-37bac59e,木炭,Hamburger Charcoal BBQ Grill--H2024T,OKorder
,ZSOE-10-507b323b,橡胶式压条,Oil Seal Rubber seal,OKorder
,ZSOE-10-2a26d6e4,毛刷式压条,Toilet Brush Eco-friendly Antimicrobial Household Brush Antibacterial Brush,OKorder
,ZSOE-10-5416068a,涂料桶,tinplate for paint bucket,OKorder
,ZSOE-10-a82a10ab,甲烷煤气,Gas generator Gas purification Effluent/Solid waste Odor control Gas equipment,OKorder
,ZSOE-10-26ca3b49,破布,Concentrator Polysilicon Broken Solar Cells,OKorder
,ZSOE-10-bf8c9f7a,硬扫把,Good Quality Broom Stick,OKorder
,ZSOE-10-d5197614,绑丝钳,"Rebar Tying Machine,Rebar tying tool steel wire braiding machine",OKorder
,ZSOE-10-ab5df6bc,软扫把,Good Quality Broom Stick,OKorder
,ZSOE-10-b5f57aaa,防蚂蚁药,Pest Killer Anti Mosquito EGS-03-6W,OKorder
,ZSOE-10-da5e8366,防裂网/抹灰网,Highway Monkey Driver,OKorder
,ZSOE-10-f1b45cac,食用盐,Calcium nitrite inorganic salt,OKorder
,ZSOE-10-5fab6218,麻袋片,Sack Packing zipper bag,OKorder
,ZSOE-15-7a79458e,前台板桌,Plastic Sheets- Cmax-Polycarbonate Crystal Panel for Front Desk,OKorder
,ZSOE-15-5835ea30,塑料桌子,Plastic Table Light,OKorder
,ZSOE-15-9db11574,实木凳子,Office Chair Fabric Chair Mesh Chair Lifting Chair Office Chair 103B,OKorder
,ZSOE-15-575a1d0e,皮尤沙发,"Fabric sofa,living room sofa,sofa set",OKorder
,ZSOE-09-22c492df,地毯垫,Polyester Shaggy Carpet/ Modern shaggy carpet mat,OKorder
,ZSOE-12-74775a17,主馈线,ZG vibrating feeder|ZG vibrating feeder|ZG vibrating feeder,OKorder
,ZSOE-12-c708a1ea,传真机,3D Printer,OKorder
,ZSOE-12-7030c5f5,供电干线,Large Diameter HDPE Water Supply and Gas Supply Pipe Extrusion Line,OKorder
,ZSOE-12-b1b1c7ff,发射机,Graphite Petroleum Coke with High Carbon and Low Sulphur,OKorder
,ZSOE-12-9ad5c946,吊臂灯柱,Graphite Petroleum Coke with High Carbon and Low Sulphur,OKorder
,ZSOE-12-00f49aa0,同声翻译系统,Full system Return system Discharge system,OKorder
,ZSOE-12-5ce5ba13,子母钟系统,Generator Clock Meter/Round Table,OKorder
,ZSOE-12-41cbb396,子钟,Generator Clock Meter/Round Table,OKorder
,ZSOE-12-16809bbc,广照型,GGD TYPE Ac low voltage distribution switchgear,OKorder
,ZSOE-12-5b4a88e5,弹簧储能操动机构,Manual spring/ mechanism fabric roller blind,OKorder
,ZSOE-12-9e6f2b31,录像带,Video Game Packaging Tape with Waterproof Properties by Electrical Tape Manufacturer,OKorder
,ZSOE-12-384406e0,支馈线,"Aluminum Type MC Branch, feeder and service power distribution under high ambient",OKorder
,ZSOE-12-f3be3e5c,母钟,Master Bushing,OKorder
,ZSOE-12-9ac11e29,深照型,GGD TYPE Ac low voltage distribution switchgear,OKorder
,ZSOE-12-8de76838,电传打字机,Graphite Petroleum Coke with High Carbon and Low Sulphur,OKorder
,ZSOE-12-caebada9,电话单机,Telephone Trunking,OKorder
,ZSOE-12-4a05c4b1,解调器,Graphite Petroleum Coke with High Carbon and Low Sulphur,OKorder
,ZSOE-12-2038133c,调制器,Graphite Petroleum Coke with High Carbon and Low Sulphur,OKorder
,ZSOE-12-744c5952,配照型,GGD TYPE Ac low voltage distribution switchgear,OKorder
,ZSOE-12-26d89dcd,高音喇叭,Tablet PC Big Loud Speaker 7 Inch 3G Android Tablet PC,OKorder
,ZSOE-13-71cc5c87,三回程锅炉,WNS Three Pass Conical Shell Type Oil ( Gas ) Steam Boiler,OKorder
,ZSOE-13-b0392c17,仪表板,Mechnical Diaphragm Dosing Metering Pump,OKorder
,ZSOE-13-c7e00e05,传热肋片,Rib Lath,OKorder
,ZSOE-13-b2d44928,分汽缸,Steam Mop/ X6 Steam Mop&Steam Cleaner,OKorder
,ZSOE-13-459b8a00,双炉胆蒸汽锅炉,Flue Gas Desulphurization Pumps,OKorder
,ZSOE-13-e800785f,取样管,Sampling Cooler/ Enfriador de Muestros/ Cooler for Samples for Condensed Water,OKorder
,ZSOE-13-eb7370bc,吹除管,HDPE Blow Molding Grade,OKorder
,ZSOE-13-2918ef42,密闭罩,Shower Enclosure,OKorder
,ZSOE-13-16ab95ce,放散管,Suspended scraper bottom discharge centrifuge,OKorder
,ZSOE-13-21e482b7,断油阀,Valve Oil Seal,OKorder
,ZSOE-13-250dd37d,旁路管,Polypropylene-Random Pipe short bypass bend,OKorder
,ZSOE-13-28cf3503,氢,Hydrogen Cooler/ Enfriador de Hydrogen/ 200MW,OKorder
,ZSOE-13-ead5a1f4,氪气,Graphite Petroleum Coke with High Carbon and Low Sulphur,OKorder
,ZSOE-13-26138a35,汽化器,Cold Room Evaporator,OKorder
,ZSOE-13-b8ad7e9d,油/气两用锅炉,WNS Three Pass Conical Shell Type Oil ( Gas ) Steam Boiler,OKorder
,ZSOE-13-3d487e9f,浮桶式输水器,Access Panel Maintenance Aluminium Ceiling Trap Door,OKorder
,ZSOE-13-906829e0,液氧,Heat Insulating Paper LNG Liquid Oxygen Liquid Hydrogen and Liquid Nitrogen,OKorder
,ZSOE-13-014849d9,游离水,ZW Blockage-free Self Priming Centrifugal Water Pump,OKorder
,ZSOE-13-0aef71d2,火焰滞留器,Metalshield flame-retardant and flame resistant power cable,OKorder
,ZSOE-13-5fa18df8,炉壳,Double Shell Edge,OKorder
,ZSOE-13-2dacf0f0,炉膛,Ceramic Fiber Board for Furnace Chamber,OKorder
,ZSOE-13-a0c5cfff,煤仓,ZJD-F Waste Bunker Oil Recycle Equipment,OKorder
,ZSOE-13-ef393dae,燃油热水锅炉,"Gas Boiler,Circulating Fluidized Bed Boiler,Boimass Fuel Boiler",OKorder
,ZSOE-13-6ef93293,燃烧器,Oil Burner Sophisticated Burner Nozzle Design,OKorder
,ZSOE-13-a345e268,燃烧用氧,Oxygen cutting oxygen lance Metallurgical oxygen lance,OKorder
,ZSOE-13-0435e99a,玻璃窗,Insulating Glazing 5mm+12A+5mmInsulating Glazing 5mm+12A+5mm,OKorder
,ZSOE-13-cff82b00,碱液箱,Alkaline Button Cell,OKorder
,ZSOE-13-77cf4ed9,空气洗涤器,Sand Washer,OKorder
,ZSOE-13-a05ba5a1,纯氧,Oxygen cutting oxygen lance Metallurgical oxygen lance,OKorder
,ZSOE-13-dbcf889a,膨胀阀,Expansion Hose,OKorder
,ZSOE-13-ac365fa3,蒸汽出口,Outlet Valve,OKorder
,ZSOE-13-b56daf29,蒸汽室,Double Drum Longitudinal Arrangement Chamber Combustion ' D ' Layout Oil ( Gas ) Steam Boiler,OKorder
,ZSOE-13-00cfa24d,蒸汽泵,Steam Mop/ X6 Steam Mop&Steam Cleaner,OKorder
,ZSOE-13-495d4228,补充水管,FEED WATER STAINLESS PIPE 304,OKorder
,ZSOE-13-192109ef,锅炉支座,"Gas Boiler,Circulating Fluidized Bed Boiler,Boimass Fuel Boiler",OKorder
,ZSOE-13-2d9df235,锥形阀,Tap-Out Cone Tap Hole Cone,OKorder
,ZSOE-13-7e334515,集水盘,"Squatting Pan Squatting Pan Toilet,W.C Squatting Pan",OKorder
,ZSOE-13-13799d4d,高纯氧,Oxygen cutting oxygen lance Metallurgical oxygen lance,OKorder
,ZSOE-07-328f73b5,AQUASIL-硅基疏水剂,Almighty coating hydrophobic agent (T-613)/water repellent hydrophobic coating,OKorder
,ZSOE-07-6a96c71a,GALAXY保护粒状GNG,SODIUMDICHLOROISOCYANURATE Granular,OKorder
,ZSOE-07-26b4accc,硅透明釉，防水,Water-based Glaze(White),OKorder
,ZSOE-07-4f9f5017,窗户腻子-钢/木（1公斤、5公斤、30公斤）,de 1 kg acero inoxidable 304/310,OKorder
,ZSOE-07-f8492d4c,窗户腻子-钢（1公斤、5公斤、30公斤）,de 1 kg acero inoxidable 304/310,OKorder
,ZSOE-14-3ac65ea1,皮带水嘴,Two Handles Basin Faucet Bathroom Faucet Faucet Mixer,OKorder
,ZSOE-07-20353f45,GALAXYNC透明哑光,Self-cleaning Anti-dust Clear Topcoat(Gloss Matt),OKorder
,ZSOE-07-f63331d0,GALAXYPVA地板/屋顶涂料,PVA Water Soluble Sewing Thread PVA Yarn,OKorder
,ZSOE-07-6c704dae,GALAXY专业救生员外部底漆,3TREES Exterior Sealer Exterior Wall Primer,OKorder
,ZSOE-07-befc5e5d,GALAXY减速剂,High Quality Metal to Plastic Water Pipe Fittings Reducer Reducer Reducer,OKorder
,ZSOE-07-ed290c02,GALAXY合成清漆,Hydroxypropyl Methyl Cellulose HPMC Varnish Remover,OKorder
,ZSOE-07-2665972f,GALAXY合成清漆哑光/透明/色调,Self-cleaning Anti-dust Clear Topcoat(Gloss Matt),OKorder
,ZSOE-07-bd7dd395,GALAXY塑料乳液漆,Styrene Acrylic Emulsion/Waterproof Acrylic Emulsion/ Sealing Acrylic Emulsion/ Odorless Acrylic Emulsion,OKorder
,ZSOE-07-21e242c4,GALAXY数控染色,Water-based Stain(Red),OKorder
,ZSOE-07-101eb416,GALAXY数控砂光密封机,Impulse Sealer,OKorder
,ZSOE-07-297ff037,GALAXY木底漆,Fluorocarbon Primer,OKorder
,ZSOE-07-15ecac1d,GALAXY沥青铝,CMAX BITUMINOUS BAG FOR BITUMINOUS TRANSPORTATION,OKorder
,ZSOE-07-8237fe72,GALAXY洗屏剂,Glass Screen Proector for Samsung Galaxy,OKorder
,ZSOE-07-8800b321,GALAXY海洋底漆,Marine Hoist/ Marine Travel Lift,OKorder
,ZSOE-07-49996b48,GALAXY海洋顶层甲板珐琅,Customized Extruded Aluminum Profiles for Marine Ship Deck Making,OKorder
,ZSOE-07-efad535e,GALAXY海洋顶层甲板珐琅漆,Customized Extruded Aluminum Profiles for Marine Ship Deck Making,OKorder
,ZSOE-07-d7a6b671,GALAXY清漆浅橡木/桃花心木/柚木,Mahogany Oak Engineered Wood Veneers,OKorder
,ZSOE-07-31d077a5,GALAXY灰泥腻子（内饰）,3TREES Interior & Exterior Fine Putty Anti-Cracking Rough,OKorder
,ZSOE-07-c056c8da,GALAXY灰泥腻子（外部）,Exterior Coarse Putty for Leveling (Grey),OKorder
,ZSOE-07-ee30311b,GALAXY烤瓷釉,Enamel Coffee Pot,OKorder
,ZSOE-07-ea7efe06,GALAXY珐琅,Enamel Coffee Pot,OKorder
,ZSOE-07-fc230b45,GALAXY粘合消解剂,Galaxy Tower,OKorder
,ZSOE-07-486a71b3,GALAXY缓速剂,NZY-SR RETARDER,OKorder
,ZSOE-07-318b4821,GALAXY超光,Galaxy Tower,OKorder
,ZSOE-07-f6282672,GALAXY铝银,Silver Color PVDF Aluminium Composite Panels for Decoration,OKorder
,ZSOE-07-a9333e5c,GALAXY锤纹饰面,Galaxy Tower,OKorder
,ZSOE-07-83f0f2c1,GALAXY阳光,Galaxy Tower,OKorder
,ZSOE-07-583d6b0b,GALAXY黄亮釉,Enamel Coffee Pot,OKorder
,ZSOE-07-2db7201f,IXF防锈漆,Iron oxide red 190,OKorder
,ZSOE-07-6c1b1663,MARMOGP防水-20LTR,Golf Club Protectice Tape GP-130B,OKorder
,ZSOE-07-bdc12378,PERMACRETE/PERMAPLASTPASTEL分配基料,Beautiful Twist Switch Led Ideal Reading Lamp With Multiple Bases,OKorder
,ZSOE-07-9b08002a,PERMAPLAST白色和柔和色调,waterproof roller shades with white blackout,OKorder
,ZSOE-07-b2a1564f,PLASCON防蚊漆全新,Anti Mosquito Net,OKorder
,ZSOE-07-bb9a7b87,PVA屋顶底座深,PVA Water Soluble Sewing Thread PVA Yarn,OKorder
,ZSOE-07-f2cade83,PVA屋顶底座粉彩,PVA Water Soluble Sewing Thread PVA Yarn,OKorder
,ZSOE-07-6ab37f4f,Plascobrite硬化剂(180ml),Concrete floor hardener a non-metallic floor hardener,OKorder
,ZSOE-07-cc8d725d,Plascon2件装多色粗/细,Meat grinder for coarse/medium/fine grind,OKorder
,ZSOE-07-9854307a,PlasconBudget底漆乳液,Styrene Acrylic Emulsion/Waterproof Acrylic Emulsion/ Sealing Acrylic Emulsion/ Odorless Acrylic Emulsion,OKorder
,ZSOE-07-fa0d6e98,PlasconG.P溶剂,Eco-Solvent Printer,OKorder
,ZSOE-07-e29c524b,PlasconHymeg清漆AD12,Hydroxypropyl Methyl Cellulose HPMC Varnish Remover,OKorder
,ZSOE-07-9136ef65,PlasconN.C.所有其他色调,Other Pump,OKorder
,ZSOE-07-36046d9a,PlasconPyrofix-铝耐热漆,Aerosol Spray Paint- Heat-Resistant Aerosol Paint,OKorder
,ZSOE-07-319b43c0,PlasconQ.A.D,Graphite Petroleum Coke with High Carbon and Low Sulphur,OKorder
,ZSOE-07-8b86c5dc,PlasconUox固化剂,Concrete floor hardener a non-metallic floor hardener,OKorder
,ZSOE-07-b903728b,PlasconUpox搪瓷和透明,Enamel Coffee Pot,OKorder
,ZSOE-07-970d484e,Plascon亚麻籽油,TC seal seals TC oil seal oil seal oil ring oil gasket,OKorder
,ZSOE-07-547fda60,Plascon哑光珐琅瓷漆,Enamel Coffee Pot,OKorder
,ZSOE-07-b61bcb6e,Plascon地板和屋顶涂料（所有色调）,Wood Roof Paint Roller Blinds Valance Shades,OKorder
,ZSOE-07-8b57dda7,Plascon底漆瓷漆,Graphite Petroleum Coke with High Carbon and Low Sulphur,OKorder
,ZSOE-07-9d1103e3,Plascon快干白,Fast Dry Non-Flammable Widely Used Electrical Contact Cleaner,OKorder
,ZSOE-07-96ecf467,Plascon木工漆,Graphite Petroleum Coke with High Carbon and Low Sulphur,OKorder
,ZSOE-07-8bca66e9,Plascon桐油,TC seal seals TC oil seal oil seal oil ring oil gasket,OKorder
,ZSOE-07-1d5baef3,Plascon水解器,Graphite Petroleum Coke with High Carbon and Low Sulphur,OKorder
,ZSOE-07-14b8e07b,Plascon沥青漆,Bitumen 60/70 For Wholesales And Suppliers Bitumen Mastic Cold Bitumen,OKorder
,ZSOE-07-74ee4d83,Plascon海洋底漆,Marine Hoist/ Marine Travel Lift,OKorder
,ZSOE-07-d3124ddb,Plascon海洋搪瓷底漆,Enamel Coffee Pot,OKorder
,ZSOE-07-2cb2e4a7,Plascon清漆染色剂,Hydroxypropyl Methyl Cellulose HPMC Varnish Remover,OKorder
,ZSOE-07-8dca8eae,Plascon灰泥腻子（5公斤、15公斤、30公斤）,Aluminum 1060 Sheets Treadplate (5 Bars/Diamond/Stucco),OKorder
,ZSOE-07-f4b21bcb,Plascon腻子,Scraper Blade/Putty Knife/Putty Knife Scraper,OKorder
,ZSOE-07-4679f1f7,Plascon蚀刻底漆（2件装）,Fluorocarbon Primer,OKorder
,ZSOE-07-3b2a8b93,Plascon蛋壳瓷漆,Graphite Petroleum Coke with High Carbon and Low Sulphur,OKorder
,ZSOE-07-6984f87a,Plascon超级光泽瓷漆,High Gloss Office Desk,OKorder
,ZSOE-07-2cd7e517,Plascon铝漆,Bule color paints,OKorder
,ZSOE-07-349bbb3a,Plascon锤击珐琅漆,Enamel Coffee Pot,OKorder
,ZSOE-07-e5fc4633,Plascon防污漆,"Fluorescent Paint,Luminous Paint,Se-Lett,Phosphorescent Paint",OKorder
,ZSOE-07-aacb08f4,Plascryl套装（硬化剂1升加涂料4升）,Concrete floor hardener a non-metallic floor hardener,OKorder
,ZSOE-07-3065372a,Plascryl硬化剂,Concrete floor hardener a non-metallic floor hardener,OKorder
,ZSOE-07-03868f81,分配基乳液-WEATHERGUARDDEEP,Styrene Acrylic Emulsion/Waterproof Acrylic Emulsion/ Sealing Acrylic Emulsion/ Odorless Acrylic Emulsion,OKorder
,ZSOE-07-95045235,分配基乳液-WEATHERGUARD透明,3TREES Waterborne Topcoat Transparent Acrylic Emulsion Paint,OKorder
,ZSOE-07-633adc79,原始琥珀色,Raw Jute Fiber,OKorder
,ZSOE-07-ce78a206,合成清漆和色调,Motorized Clear Plastic Roller Blinds And Shades,OKorder
,ZSOE-07-4f4bd869,哑光/平釉涂料,Matt Treatment PE Flat Bag Hot Sealing For Packaging,OKorder
,ZSOE-07-3f816d30,墙体填料,Hydroxypropyl Methyl Cellulose (HPMC)-Gypsum Filler/Joint Filler,OKorder
,ZSOE-07-a8fd9ade,屋顶/地板油漆-特殊颜色,Carbon Black Special For Masterbatch/Paint/Coating,OKorder
,ZSOE-07-af98029d,屋顶材料（300克、500克、1公斤、4公斤）,Industrial Self Propelled Aerial Work Platform380V/ 50Hz 300 kg,OKorder
,ZSOE-07-e1c3bad6,数控砂光密封机,Impulse Sealer,OKorder
,ZSOE-07-4f889469,斑点腻子,Scraper Blade/Putty Knife/Putty Knife Scraper,OKorder
,ZSOE-07-d9282b43,普拉斯克利底漆,Graphite Petroleum Coke with High Carbon and Low Sulphur,OKorder
,ZSOE-07-1b100fcc,氧化橙,Iron Oxide Orange Pigment 960 from China,OKorder
,ZSOE-07-98c2fafe,氧化黄,Iron oxide yellow 810,OKorder
,ZSOE-07-cf395859,灰泥腻子-外部（30公斤）,Exterior Coarse Putty for Leveling (Grey),OKorder
,ZSOE-07-98992ced,灰泥腻子-室内（30公斤）,3TREES Interior & Exterior Fine Putty Anti-Cracking Rough,OKorder
,ZSOE-07-4b21ab1e,点胶基乳液-VINLY哑光/丝绸透明,PU Topcoat Transparent Matt,OKorder
,ZSOE-07-b59f5437,点胶基乳液-WEATHERGUARDPASTEL,Styrene Acrylic Emulsion/Waterproof Acrylic Emulsion/ Sealing Acrylic Emulsion/ Odorless Acrylic Emulsion,OKorder
,ZSOE-07-00d3cb1f,点胶基础乳液-VINLYMATT/SIKDEEP,3TREES Multi-functional Matt White Acrylic Emulsion Paint,OKorder
,ZSOE-07-12cc84a5,点胶基础乳液-VINLYMATT/丝绸粉彩,3TREES Multi-functional Matt White Acrylic Emulsion Paint,OKorder
,ZSOE-07-fc6b3d2c,点胶底釉-SUNGLOSSDEEP,Beautiful Twist Switch Led Ideal Reading Lamp With Multiple Bases,OKorder
,ZSOE-07-f3cd030a,点胶底釉-SUNGLOSSPASTEL,Beautiful Twist Switch Led Ideal Reading Lamp With Multiple Bases,OKorder
,ZSOE-07-5cf3d3d0,点胶底釉-SUNGLOSS透明,Beautiful Twist Switch Led Ideal Reading Lamp With Multiple Bases,OKorder
,ZSOE-07-6cef5567,珊瑚色漆,Coral fleece polyester door mat,OKorder
,ZSOE-07-868d7c4a,磷酸锌/铬酸盐底漆,Inorganic zinc-rich primer (Zinc 60%) (grey),OKorder
,ZSOE-07-354a6a25,聚光漆,Graphite Petroleum Coke with High Carbon and Low Sulphur,OKorder
,ZSOE-07-301ad06e,自动光泽清除,Clear Glass,OKorder
,ZSOE-07-a77aec0c,自动光泽金属细,Metallic Compensator,OKorder
,ZSOE-07-416e732a,艺术奢华乳液底漆,The adjustable base,OKorder
,ZSOE-07-65fd84ef,艺术特效面漆（固体）,2018 Mirror Effect Wallpaper with Special Design,OKorder
,ZSOE-07-852d2f19,艺术特效面漆（金属色）,2018 Mirror Effect Wallpaper with Special Design,OKorder
,ZSOE-07-c1764a9e,豪华预算乳液-白色,3TREES Multi-functional Matt White Acrylic Emulsion Paint,OKorder
,ZSOE-07-23b3233a,酞菁绿,Inorganic Green Pigments Chrome Oxide Green,OKorder
,ZSOE-07-62aa2f66,酞菁蓝,72V Solar Inverter PV On-Grid String Inverter Blue-15kt/ Blue-17kt/ Blue-20kt/ Blue-25kt,OKorder
,ZSOE-07-4db4871f,铝银漆,Silver Color PVDF Aluminium Composite Panels for Decoration,OKorder
,ZSOE-07-4246db81,高光珐琅-白色,PU Topcoat White High-Gloss,OKorder
,ZSOE-14-b4989d8c,喷头（手握式）,spray white,OKorder
,ZSOE-08-c23e04ac,手提锯,Electric Circular Saw,OKorder
,ZSOE-08-31a6dec1,无齿锯,"Rebar Cutter,Steel Bar Cutter,Cutting machine",OKorder
,ZSOE-08-48692488,木工压刨机,Graphite Petroleum Coke with High Carbon and Low Sulphur,OKorder
,ZSOE-08-0f470ad3,木工平刨床,Graphite Petroleum Coke with High Carbon and Low Sulphur,OKorder
,ZSOE-08-9b650c60,电风镐,Graphite Petroleum Coke with High Carbon and Low Sulphur,OKorder
,ZSOE-08-7eee2647,砼面收光机,Concrete Nail/Concrete Nail Guns/Concrete Nail Making Machine,OKorder
,ZSOE-06-d3e6c86f,手砸石子,PLD2400 Aggregate Batching Machine,OKorder
,ZSOE-06-ad1a766b,机械石子,PLD2400 Aggregate Batching Machine,OKorder
,ZSOE-06-5dff10a9,河砂,River Sand Washing Machine From Manufacturer,OKorder
,ZSOE-06-d03eda49,火山灰颗粒,Graphite Petroleum Coke with High Carbon and Low Sulphur,OKorder
,ZSOE-06-2e2cd24e,瓜子片,Graphite Petroleum Coke with High Carbon and Low Sulphur,OKorder
,ZSOE-06-ece6f0a5,石英石,High Quality QUARTZ LUMP QUARTZ LUMP QUARTZ LUMP QUARTZ LUMP,OKorder
,ZSOE-06-f8bd51b9,砂石料调拨,Aggregate sand making production line,OKorder
,ZSOE-06-956b455e,级配碎石,Graphite Petroleum Coke with High Carbon and Low Sulphur,OKorder
,ZSOE-06-b6b5755a,道路砖,Paving BLock Machine HY100-600D,OKorder
,ZSOE-11-603ef7af,供水阀,Feed Pump,OKorder
,ZSOE-11-744a3aff,冷凝回水泵,Scaffolding Accessories Return Transom,OKorder
,ZSOE-11-af6301e4,墙挂式水便器,wall hung male ceramic men's corner urinal-2014,OKorder
,ZSOE-11-f847d9d8,岛屿电站泵,Solution of Large-scale Ground PV Power Station System,OKorder
,ZSOE-11-6acb845d,抽水马桶,Button Type Toilet Flush Valve,OKorder
,ZSOE-11-7533d151,排空阀,J41F-16 fluorine plastic shut-off valve,OKorder
,ZSOE-11-231308f8,搪瓷铁浴盆,Tub/Bathtub Faucet,OKorder
,ZSOE-11-0b464cf9,暗托架,"storage shelf,fashion DIY pp storage shelf",OKorder
,ZSOE-11-038f662a,核电站泵,High Pressure and High Temperature Pump for Nuclear Power,OKorder
,ZSOE-11-0c3a3ea1,梳妆镜,"Glass Mirror Mirror Glass,Wall Mirror",OKorder
,ZSOE-11-66301c85,水落斗,"7inch Factory Roof Drain System Pvc Rain Gutter and Downspout,Square Rain Gutter and Downpipe",OKorder
,ZSOE-11-ca9ed538,水落管,Rain Down Pipe Cold Roll Forming Machines,OKorder
,ZSOE-11-1e5c9ed1,污泥阀,Sludge Pump,OKorder
,ZSOE-11-14defd78,泄水阀,Flexible Water Discharge Hose Good Quality,OKorder
,ZSOE-11-2922cb27,洗涤池,TCT8344S Kitchen Sink Stainless Steel Single Bowl,OKorder
,ZSOE-11-0e37b0bf,流程泵,Petrochemical process pump,OKorder
,ZSOE-11-c8fb0806,混合阀,Mixing Equipment---Double-Shaft Mixing Extruder（Multiple models）,OKorder
,ZSOE-11-db31cd1c,混合龙头,Vertical Concealed Fan Coil,OKorder
,ZSOE-11-c5829ff4,滤水器,Candle Water Filter,OKorder
,ZSOE-11-66a69ca2,电磁闸阀,gate valve ； CLASS150--2500 gate valve,OKorder
,ZSOE-11-6d23ea38,盥洗盆,Siphonic One-piece Closet CH001,OKorder
,ZSOE-11-687c203c,直联泵,Close-coupled Single-stage Centrifugal Pump,OKorder
,ZSOE-11-af601294,绿化泵,AC Water Pump For Irrigation,OKorder
,ZSOE-11-673fc00a,轴向中开式泵,Axially Split Casing Double Suction Pump,OKorder
,ZSOE-11-8385e4e6,隔离阀,Energy Chains Inner Separating Part,OKorder
,ZSOE-11-b913c787,雨水泵,Vertical Drainage Pump,OKorder
,ZSOE-03-602c00ad,围墙菱形网,Hot Rolled Steel Plate Mild Steel Chequered Plate,OKorder
,ZSOE-03-51cc1659,扁铁条,MS Galvanized Flat Bar,OKorder
,ZSOE-03-793fdd71,方条,Square Bar,OKorder
,ZSOE-03-52e40ee0,格栅焊网,Fiberglass Mesh Cloth Professional Fiberglass Fabric Grill Mesh for BBQ Grill Mesh for Wholesales,OKorder
,ZSOE-03-a168eb07,黑钢管,Welded Black ERW Steel Pipe Welded Black ERW Steel Pipe,OKorder
,ZSOE-10-9310e007,扎丝绑丝,Tie Wire Bending Wire and Cut Wire,OKorder
,ZSOE-10-b171b8d2,抹灰板,Paper-Faced Plaster Board,OKorder
,ZSOE-10-5a5af559,插销式门闩,Key Laptop Lock Notebook Lock PC Lock,OKorder
,ZSOE-10-6479e99e,斜口剪刀,"12"" Double Bevel Miter Saw",OKorder
,ZSOE-10-6d25da68,普通铆钉,Rivet Gun Double Hand Rivet Nut Hand Manual Rivet Gun Hand Tool,OKorder
,ZSOE-10-56945b8b,暗合页,Hydraulic HingesFurniture Cabinet Two Way Concealed Hinge for Cabinet Doors,OKorder
,ZSOE-10-2d54a927,桃型铲,Collapsible Shovel For Hand Tool,OKorder
,ZSOE-10-08a05931,煤气燃烧喷头,Hand Knapsack Sprayer Agricultural Watering Sprayer,OKorder
,ZSOE-10-99966417,瓷砖勾缝剂,Non shrink Grout Material Concrete Additives,OKorder
,ZSOE-10-259cdc03,筛砂网,Galvnized Wire Mesh Cheap Chicken Wire/Rabbit Wire Mesh/Galvanized Hexagonal Wire Mesh,OKorder
,ZSOE-10-38feb1f1,轴铰链,door hinge,OKorder
,ZSOE-10-cd70c580,通丝螺杆,"Thread Rod Din975 in Hardware,Zinc Plated Thread Rod,Thread Bar",OKorder
,ZSOE-10-6d9d8c9f,钢丝圆盘刷,Wire Brush,OKorder
,ZSOE-10-92389d57,钢筋大剪刀,Scissor Lift,OKorder
,ZSOE-10-b240bba8,铁皮瓦,Zinc Aluminum Roofing Sheets- Aluminium Chequered Sheet,OKorder
,ZSOE-10-5379c8f9,铁锹把,Shovel Handle For Farm Tool,OKorder
,ZSOE-10-23a787ff,顺位器,"Safety Door, Anti Theft Door Steel Door, Security Door",OKorder
,ZSOE-16-c77dca95,步步紧（大刀片）,Construction Scaffold Ladder Clamp,OKorder
,ZSOE-09-0cba8331,38龙骨,Furring Channel of Light Steel Furring Channel of Light Steel,OKorder
,ZSOE-09-d0375fbc,50龙骨,Furring Channel and Main Channel for Ceiling,OKorder
,ZSOE-09-2c90e69d,旋转门,Cement Rotating Dryer,OKorder
,ZSOE-09-906797fc,窗帘杆,"aluminium curtain rod with curtain accessories,aluminum alloy curtain pole",OKorder
,ZSOE-09-a62ebef1,踏步砖,Cuplock System Staircase,OKorder
,ZSOE-09-03c8eb49,金库门,Electronic Code Metal Safety Bank Vault Door,OKorder
,ZSOE-09-4c96534d,铅玻璃,"Lead Free Crystal Wine Glass,Drink Glassware,Stemware",OKorder
,ZSOE-12-a3168ea1,中继线,Slitting Line/ JZ1600 Slitting Line,OKorder
,ZSOE-12-96d12637,主开关,switch cabinet,OKorder
,ZSOE-12-58f65389,乳白灯泡,CE OPAL Globe Lamp Decorative Globe Lamp,OKorder
,ZSOE-12-93da5c41,出线屏,Aluminum Cmposite Panel Facade Panel Aluminum Cmposite Panel Facade Panel,OKorder
,ZSOE-12-6cfa04f3,动力馈电屏,ZG vibrating feeder|ZG vibrating feeder|ZG vibrating feeder,OKorder
,ZSOE-12-d3ace479,升压器,3-4 person UV protect Beach tent One Step Pop Up tent,OKorder
,ZSOE-12-c5ea053d,发射天线,Irrigation Tape 16mm Inner Flat Emitter Type Drip Irrigation Tape,OKorder
,ZSOE-12-bb6328c3,埋地线,LED Underground Spotlight​,OKorder
,ZSOE-12-d4776d85,太平门灯,Floor Exit Light,OKorder
,ZSOE-12-cef52de7,安全灯,Safety Device Safety Protector,OKorder
,ZSOE-12-ccbaa627,安全电视系统,Security Multi-Cam System,OKorder
,ZSOE-12-eaba5651,小型灯,Miniature Circuit Breaker,OKorder
,ZSOE-12-2e280d56,庭园灯,LED Solar Garden Lamp,OKorder
,ZSOE-12-2c5d5b40,弧光灯,Modern Arc Grille Lamp,OKorder
,ZSOE-12-4fa15ce5,换相开关,Single/ Three Phase Converter Frequency,OKorder
,ZSOE-12-b99576de,接地干线,Ground Cover-110g,OKorder
,ZSOE-12-f994bf75,接地母线,Earth Clamp,OKorder
,ZSOE-12-99114073,放像机,car dvd player,OKorder
,ZSOE-12-d344bb33,断接卡,Swtich Disconnector NDW1G Series Swtich Disconnector AC 400V/690V; DC 1000V,OKorder
,ZSOE-12-9311875e,明线,"anti thief door, Open the door direction open + left + right open open open outside",OKorder
,ZSOE-12-8c27b63c,暗线,Vertical Concealed Fan Coil,OKorder
,ZSOE-12-1cb3e7c0,油浸电缆,Oil immersed transformer,OKorder
,ZSOE-12-ec899098,灯头（座）,Porcelain Lamp Holder E40,OKorder
,ZSOE-12-925ac182,点光灯,Lit Solar Chargers Lockable Cell Phone Charging Kiosk,OKorder
,ZSOE-12-650cdfb8,照明干线,FRP lighting tile production line,OKorder
,ZSOE-12-0a1eaee0,照明馈电屏,ZG vibrating feeder|ZG vibrating feeder|ZG vibrating feeder,OKorder
,ZSOE-12-6c926111,玉兰灯,Yulan Beautiful Design Wallpaper Walls Paper 3D of Wallpapers,OKorder
,ZSOE-12-a0d10858,球形避雷,SURGE ARRESTER LY-C40/3P DC 1000V,OKorder
,ZSOE-12-0af935f3,瓷防雨开关,Water Heater Switch,OKorder
,ZSOE-12-3b4d0d52,电力干线,370MVA/535kV main transformer power plant,OKorder
,ZSOE-12-77c13bc6,电力支线,Prefabricated Branch Cable special cable of this system Branch cable,OKorder
,ZSOE-12-6e1c21aa,电木，酚醛塑料,Bakelite Stainless Steel Cookware,OKorder
,ZSOE-12-7249be1d,电源切换箱,"Cash Change Plate, Cash Plate, Coin Box",OKorder
,ZSOE-12-1188960d,电磁操动机构,Tower Crane TC6520 VFD PLC Control Mechanism,OKorder
,ZSOE-12-81815dda,电线（三类级别）,Single Loop Razor Wire/ Razor Wire/ Razor Wire,OKorder
,ZSOE-12-7d31683a,电缆托架,Polymer cable tray communication cable tray,OKorder
,ZSOE-12-871cbe3d,电缆槽,Duct Cable,OKorder
,ZSOE-12-cba773ce,电缆箱，分线盒,Office Metal Cabinet/File Cabinet/Steel Cabinet,OKorder
,ZSOE-12-5c957bff,电缆膏,PE Cable Compound,OKorder
,ZSOE-12-21956967,碗口灯,BOWL BOWL WITH HIGH QUALITY AND,OKorder
,ZSOE-12-2fe600ae,磨砂灯泡,CMAX- 2-10mm Frosted Polycarbonate Sheet,OKorder
,ZSOE-12-c63e211e,绕扎电缆,Wrapped Water Hose,OKorder
,ZSOE-12-f4e6f323,绝缘包布,Tape Logic PVC Insulating Electrical Tape,OKorder
,ZSOE-12-682b0ff3,绝缘膏,PVC insulating compound,OKorder
,ZSOE-12-d8b78204,联络屏,mc4 solar panel connector for photovoltaic module connection,OKorder
,ZSOE-12-e6f659c6,联络线,Slitting Line/ JZ1600 Slitting Line,OKorder
,ZSOE-12-13b42090,腊,Paraffin Wax,OKorder
,ZSOE-12-b402605a,荷叶灯,Opal Lotus Lamp/PMMA/PS/PC Special Globe Lampshade,OKorder
,ZSOE-12-89cdc6a1,裸导线,AAC conductor bare conductor all aluminium conductors,OKorder
,ZSOE-12-63a78d54,计量屏,Explosion proof dipstick for measurement,OKorder
,ZSOE-12-08353384,进线屏,Customizable anti Thief incoming Telegram Answering BT Wrist Watch,OKorder
,ZSOE-12-9e6d5e6e,避雷带,ESE Lightning Rod for Lightning Protection,OKorder
,ZSOE-12-8244b63f,避雷网,ESE Lightning Rod for Lightning Protection,OKorder
,ZSOE-12-62f11faa,铅包电缆,Plastic covered Galvanized Steel Flexible Conduit for electrical cable,OKorder
,ZSOE-12-4c5bef29,降压器,Step ladder,OKorder
,ZSOE-12-c71ed557,霓虹灯,"Flexible LED neon flex, led neon light, led neon tube",OKorder
,ZSOE-12-cda1f661,鞭形路灯柱,"Backhoe Telescopic Arm, Lengthen arm by 1300 mm",OKorder
,ZSOE-12-c5722b74,音响器,Graphite Petroleum Coke with High Carbon and Low Sulphur,OKorder
,ZSOE-12-93684fc0,高压汞灯,High Pressure Mercury Lamp with High Life Time,OKorder
,ZSOE-13-62ec2633,低温贮罐,Composite Tank FRP Tank Fiberglass Reinforced Plastic Tank Good Grade,OKorder
,ZSOE-08-05706faf,气钉枪,Grease Gun Grease Gun High Quality 600cc Hand Grease Gun To Beat Butter,OKorder
,ZSOE-08-5587757b,电动振捣器,Electric Type Vibrator Eccentric International Vibrator,OKorder
,ZSOE-08-42f103d9,行吊,Bridge Crane,OKorder
,ZSOE-08-c7ed8c76,配料机,Graphite Petroleum Coke with High Carbon and Low Sulphur,OKorder
,ZSOE-06-9fad1bbc,G15土,Graphite Petroleum Coke with High Carbon and Low Sulphur,OKorder
,ZSOE-06-75da7cbb,G3土,AC Alternator Cummins Genset Diesel Electric Generator With KTA19-G3,OKorder
,ZSOE-06-ceb5ee1f,G45土,LED G45 BULB LIGHT G45-TP011-2835L5W High Lumen,OKorder
,ZSOE-06-4cd4d8c6,G7土,LED COB-G Aluminum G7 Series COB LED Inside,OKorder
,ZSOE-06-55efcca1,回填土,Nature Dolomite,OKorder
,ZSOE-06-be2cf66b,坦噶石,"Quartz stone plate，Quartz stone panel, Quartz stone board",OKorder
,ZSOE-06-aeeaa806,毛壤土,Gasolaine Soil Rammer,OKorder
,ZSOE-06-9566cc50,毛石,Graphite Petroleum Coke with High Carbon and Low Sulphur,OKorder
,ZSOE-06-e986ad66,石子砖,Glass Block (Shoulder Block),OKorder
,ZSOE-11-ef5cb4f6,净身盆,Bidet Faucets,OKorder
,ZSOE-11-528c25e9,出屋面构件泛水板,Outlet Valve,OKorder
,ZSOE-11-1a2023af,天沟泛水板,2014 Flashing Finger Light,OKorder
,ZSOE-11-83b1e0f6,屋脊泛水板,Self-adhesive Ridge Ventilation Membrane for Roofing,OKorder
,ZSOE-11-bd6af275,快开阀,Outdoor Shower Changing Tent Pop up quick Opening Shower Tent,OKorder
,ZSOE-11-3ccccf14,拦污栅,FRP Grille/Fiberglass Grille with High Strength,OKorder
,ZSOE-11-9b98f46c,提升阀,Instrumentation Valve Instrument Valve Needle Valve,OKorder
,ZSOE-11-cc190a55,旋转阀,V-Notch Ball Valve Rotary Valve Made In China,OKorder
,ZSOE-11-f9dc67a1,檐口泛水板,Qualified Eaves Decorative Rid Mould,OKorder
,ZSOE-11-08ae4e0c,盖檐条,Anodized Aluminum Edging Strip for Transformer Winding,OKorder
,ZSOE-11-cbb7ebdc,盖缝条,Plastic Disposable Apron ZB,OKorder
,ZSOE-11-fa662a2f,管形阀,S Valve/Tube/pipe for Zoomlion Concrete Pump,OKorder
,ZSOE-11-6bbe3a7e,起动阀,TPK Self Coupling Start Pump Control Panel,OKorder
,ZSOE-13-10b32dd3,回风百叶,Air vent grill Basedboard Return Air Grille,OKorder
,ZSOE-13-9de2221f,布袋过虑器,High Performance Air Filter/ Cabin Air Filter/ Oil Filter,OKorder
,ZSOE-13-4b0d713d,帆布接头,"Artist Canvas, Painting Canvas. Wholesale Stretched Canvas",OKorder
,ZSOE-13-bb5a7db6,弹簧隔振器,Shock Absorber,OKorder
,ZSOE-13-310968a3,恒压阀,Oilfield Back-Pressure Sustaining Valve/Oilfield Back-sostenedora de presión Válvula,OKorder
,ZSOE-13-132d990e,排风机,Greenhouses Exhaust Fan/Poultry Houses Exhaust Fan/Workshop Exhaust Fan/Industrial Exhaust Fan Parts,OKorder
,ZSOE-13-96cc2d60,方散行风帽,Galvanized cowl,OKorder
,ZSOE-13-e9f54a22,橡胶隔振器,Shock Absorber,OKorder
,ZSOE-13-dd2d0a92,氟里昂,3M PVC Floor Marking Tape Freon-Proof Single Sided,OKorder
,ZSOE-13-efc7892d,水-水预热器,Air Preheater,OKorder
,ZSOE-13-01162096,水位器,electronic level gauge manufactured in China,OKorder
,ZSOE-13-d5eb433b,水泵减振基座,Vibration Absorber for Ceiling High Performance Vibration Absorption for Severe Noise,OKorder
,ZSOE-13-c3134d88,汽水集配器,Non-Pressure Solar Water Heater Collector,OKorder
,ZSOE-13-24c0c5e4,油管路,Oil casing pipe,OKorder
,ZSOE-13-bb36614a,滤壳,Shower Enclosure,OKorder
,ZSOE-13-d75c07e0,热水箱,water tank plastic containers pp plastic water tank,OKorder
,ZSOE-13-dd197a9a,矩形空气分布器,Rectangular Flexible Duct Connector- Aluminium Fiberglass Glass Flexible Air Duct,OKorder
,ZSOE-13-8d3487b2,空气旋塞,Tap-Out Cone Ceramic Tap,OKorder
,ZSOE-13-9fc99d8d,贮气罐,IR Receiver Module,OKorder
,ZSOE-13-e58fb3a4,防烟阀,Furnace Fittings-Air Damper,OKorder
,ZSOE-13-f04287ef,集气罐,Solar Air Collector TKRF 60GW with Split Wall Type Hybrid,OKorder
,ZSOE-04-e02b2d33,软木方,Timber Beam Formwork with H20 Timber Beam,OKorder
,ZSOE-04-b1737f84,防蚂蚁木,Anticorrosive ACQ Treated Spruce Wood,OKorder
,ZSOE-07-95c8d078,AUTOSHEN永久波尔多,Permanent Magnet pumps,OKorder
,ZSOE-07-dd3f221e,CORAL粘合剂,Coral fleece polyester door mat,OKorder
,ZSOE-07-1f3418eb,CORAL高光珐琅深,Enamel Coffee Pot,OKorder
,ZSOE-07-7ad25f9b,CORAL高光珐琅粉彩,Enamel Coffee Pot,OKorder
,ZSOE-07-72a79eba,CORAL高光珐琅透明,PU Topcoat Transparent High-Gloss,OKorder
